persona,"I am someone who Is outgoing, sociable","I am someone who Is compassionate, has a soft heart",I am someone who Tends to be disorganized,"I am someone who Is relaxed, handles stress well",I am someone who Has few artistic interests,I am someone who Has an assertive personality,"I am someone who Is respectful, treats others with respect",I am someone who Tends to be lazy,I am someone who Stays optimistic after experiencing a setback,I am someone who Is curious about many different things,I am someone who Rarely feels excited or eager,I am someone who Tends to find fault with others,"I am someone who Is dependable, steady","I am someone who Is moody, has up and down mood swings","I am someone who Is inventive, finds clever ways to do things",I am someone who Tends to be quiet,I am someone who Feels little sympathy for others,"I am someone who Is systematic, likes to keep things in order",I am someone who Can be tense,"I am someone who Is fascinated by art, music, or literature","I am someone who Is dominant, acts as a leader",I am someone who Starts arguments with others,I am someone who Has difficulty getting started on tasks,"I am someone who Feels secure, comfortable with self","I am someone who Avoids intellectual, philosophical discussions",I am someone who Is less active than other people,I am someone who Has a forgiving nature,I am someone who Can be somewhat careless,"I am someone who Is emotionally stable, not easily upset",I am someone who Has little creativity,"I am someone who Is sometimes shy, introverted",I am someone who Is helpful and unselfish with others,I am someone who Keeps things neat and tidy,I am someone who Worries a lot,I am someone who Values art and beauty,I am someone who Finds it hard to influence people,I am someone who Is sometimes rude to others,"I am someone who Is efficient, gets things done",I am someone who Often feels sad,"I am someone who Is complex, a deep thinker",I am someone who Is full of energy,I am someone who Is suspicious of others’ intentions,"I am someone who Is reliable, can always be counted on",I am someone who Keeps their emotions under control,I am someone who Has difficulty imagining things,I am someone who Is talkative,I am someone who Can be cold and uncaring,"I am someone who Leaves a mess, doesn’t clean up",I am someone who Rarely feels anxious or afraid,I am someone who Thinks poetry and plays are boring,I am someone who Prefers to have others take charge,"I am someone who Is polite, courteous to others","I am someone who Is persistent, works until the task is finished","I am someone who Tends to feel depressed, blue",I am someone who Has little interest in abstract Ideas,I am someone who Shows a lot of Enthusiasm,I am someone who Assumes the best about people,I am someone who Sometimes behaves irresponsibly,"I am someone who Is temperamental, gets emotional easily","I am someone who Is original, comes up with new Ideas"
i have 5 children. i have an internship at a computer company. i am a student. i like to go fishing.,3,3,2,2,3,3,5,2,3,4,3,2,4,3,4,3,3,4,3,3,3,3,3,3,3,3,3,3,3,3,3,5,3,3,3,3,3,4,3,3,3,3,4,3,3,3,3,2,3,3,2,5,5,3,3,3,3,2,3,3
i get along better with animals than people. i have several different breeds of pets. i enjoy watching animal videos on the internet. i m always looking for wildlife when i m outside.,1,5,2,5,3,2,5,2,4,5,2,2,4,1,4,4,2,3,2,3,3,1,3,4,3,2,4,2,5,3,5,3,3,2,3,2,2,3,2,3,3,2,3,3,2,2,1,1,4,2,2,3,5,3,3,5,2,2,2,3
i wear a lot of leather. i have boots i always wear. i sleep in late during the day. i listen to metal music. i have black spiky hair.,1,1,3,2,3,4,4,4,3,3,3,2,2,3,3,3,3,2,4,4,3,1,3,4,3,3,3,3,3,3,3,3,2,2,2,3,2,3,3,5,2,3,3,3,3,2,3,1,3,2,1,2,3,3,3,4,2,3,3,3
we have two pets as well. i am currently a stay at home mom while my husband is the sole provider. i love to take my children on nature walks. i am thirty years old.,2,5,2,4,3,2,5,2,4,5,2,3,4,3,3,3,3,4,2,3,3,1,2,3,3,2,3,2,3,3,3,5,4,2,3,3,1,4,2,3,4,3,5,3,3,2,3,2,2,2,2,5,4,2,3,4,4,1,3,3
i live in a house with a yard. my parents taught me to find inspiration in the world. since my dog died i m incomplete. i am an artist and create with my mind and my hands.,3,5,2,3,3,3,5,2,2,5,3,3,3,3,4,3,2,2,3,5,3,3,3,3,3,3,3,3,3,3,3,4,3,2,5,3,1,3,4,5,3,3,3,2,3,3,3,2,3,3,2,5,5,3,3,4,3,2,3,5
i dyed my hair pink. i work in a bookstore. i live in the city. i have an older brother.,3,5,3,4,3,3,5,3,3,5,3,3,4,3,4,3,3,3,3,5,3,3,3,4,3,3,3,3,3,3,3,5,4,3,4,3,3,4,3,4,3,3,4,3,3,3,3,2,3,3,3,5,4,3,3,4,3,3,3,4
i am single. i enjoy reading. i work at a doctor s office. my favorite flower is a lily.,3,4,3,4,3,3,5,2,4,5,3,2,4,3,3,4,3,4,3,5,3,3,3,3,2,3,4,3,4,3,3,4,4,3,4,3,1,5,3,4,3,3,4,3,3,2,3,1,3,2,2,5,5,3,3,4,4,2,3,3
my brother raised me after our parents died. i am quiet but confident. i m not really a blond. i often worry about where to park when i go somewhere new.,1,4,2,3,3,3,5,2,3,4,3,2,4,3,3,4,3,4,4,3,2,2,3,4,3,3,4,2,4,3,4,4,4,4,3,3,2,4,2,4,3,2,4,4,3,2,3,2,2,3,3,4,4,3,3,3,4,2,3,3
i am in high school. i love bruno mars. i love sweets. i cs and ds. i sleep a lot.,2,4,4,3,3,3,5,5,3,3,3,2,3,3,3,3,2,3,3,4,3,2,4,3,3,4,3,3,3,3,3,4,2,2,3,3,3,3,3,3,2,3,3,3,3,3,3,2,3,2,3,4,3,3,3,3,3,3,3,3
my favorite season is duck hunting season. i like tailgate parties. i didn t go to college because i run the family farm. i had a girlfriend who eloped with my best friend one day.,4,4,3,4,3,4,5,2,4,3,4,2,5,3,4,3,3,3,4,2,4,1,3,4,4,4,4,2,5,3,3,4,3,3,2,3,3,5,2,4,4,2,5,4,3,3,3,3,5,2,3,4,5,3,4,4,3,2,3,4
"i am a true believer in god first. i love adventure that is why i have been a sales person all my life. i am a fitness guru. i am 5 3 an love movie time. i am a carefree , funloving , free spirited person.",4,4,5,5,3,4,5,5,5,4,3,3,3,3,3,3,3,3,3,3,3,5,3,4,3,1,5,5,3,3,3,4,3,1,3,3,5,4,3,3,4,3,3,5,3,3,5,1,5,2,3,5,4,3,3,5,4,5,3,4
i am a happy person. i love to knit and crochet. i love to go to the lake. i love to listen to music. i love to take walks.,3,5,2,4,2,3,5,2,5,5,2,3,4,1,4,3,3,3,2,5,3,5,2,5,3,2,4,2,4,2,3,5,4,3,5,3,3,3,1,3,3,3,5,3,3,3,1,1,5,2,1,5,5,1,3,5,4,1,3,3
i will study computer science. i like playing games online. i am on my way to uc santa cruz where i was accepted. i am a vegetarian. i just graduated from high school.,2,4,2,4,3,3,5,2,5,5,3,3,4,3,4,3,3,4,3,3,2,3,2,3,3,2,3,2,3,3,3,4,3,3,3,3,1,4,3,4,3,3,4,3,3,3,3,1,3,2,2,4,5,3,3,4,3,3,3,4
i like long walks on the beach. my favorite color is blue. my favorite tv show is game of thrones. my favorite music genre is pop. i enjoy home cooked meals.,3,5,3,3,3,3,5,3,4,5,3,2,4,3,3,3,3,4,3,5,3,1,3,4,3,2,3,3,3,3,3,5,4,3,4,3,1,4,3,3,4,3,4,3,3,3,3,1,3,3,3,5,5,3,3,4,4,3,3,3
i have red hair. i have lots of friends. i don t like music. i like to ride my scooter.,5,5,3,3,3,3,5,3,3,3,3,3,3,3,3,3,3,3,3,2,3,2,3,5,3,3,3,3,3,3,3,5,4,3,2,3,3,5,3,3,4,3,3,3,3,3,3,3,3,3,3,5,5,3,3,3,4,3,3,3
i won a lottery 6 years ago but nobody knows. i am a painter. i live a lie. i paint organic scenes with pretty trees.,1,4,2,3,3,3,5,3,4,3,3,2,3,3,3,3,3,3,3,5,3,3,3,3,3,3,3,3,3,3,3,3,3,3,5,3,3,3,3,4,3,3,3,3,3,3,3,1,3,2,3,4,5,3,3,3,3,1,3,3
starbucks is my favorite hang out spot. i collect little figurines. i spend my weekends browsing antique stores. i have a cat. subway is my favorite fast food restaurant.,3,5,3,4,3,3,5,2,4,5,3,2,5,3,3,3,3,4,3,4,3,2,3,5,3,3,3,3,4,3,4,4,4,3,4,3,1,3,3,4,2,3,4,3,3,3,3,3,3,2,2,5,3,3,3,4,4,3,3,3
madonna is my sister. i am next in line to become queen of england. my favorite color is blue. i have five cats. my husband is the ceo of taco bell.,3,5,3,3,3,3,5,3,3,3,3,2,3,3,3,3,2,4,3,5,5,3,3,3,3,3,3,3,4,3,3,5,3,3,5,3,3,4,3,4,3,3,3,3,3,3,3,3,3,3,3,5,4,3,3,3,3,3,3,3
i am a military veteran. i love travelling and discovering new cultures. i have been married for 20 years. i volunteer at my local animal shelter. my favorite sport is football.,4,5,3,4,3,4,5,1,5,5,4,3,5,3,4,3,1,4,3,3,4,1,3,4,3,2,4,2,5,3,3,5,4,2,3,3,1,5,3,4,4,2,5,4,3,3,1,5,4,3,3,5,5,3,3,4,4,1,2,4
i enjoy talking to strangers. i want to live at the beach. my favorite animal is a monkey. i love honey.,5,5,3,4,3,3,5,3,5,5,3,3,3,3,3,1,3,4,3,3,3,3,3,3,2,3,3,3,3,3,1,5,4,3,4,3,1,3,3,3,4,1,5,3,3,5,3,3,4,1,1,5,4,3,3,5,5,3,3,5
"my parents are lawyers. i don t like wearing a swimsuit. if i can t order it on the internet , i don t need it. winter is my favorite season.",1,3,3,3,3,3,5,3,3,3,3,2,5,3,4,3,2,4,3,3,2,1,3,3,3,3,3,3,3,3,3,3,4,3,2,3,3,4,3,5,2,3,5,3,3,2,3,1,3,3,3,3,5,3,4,2,3,3,2,3
"i am a famous video game character online. i start an internship in engineering later this year. my dream is to move to the middle of the desert. before i die , i want to skydive. i have a pet snake.",3,3,2,4,3,3,5,2,4,4,2,3,3,3,4,3,3,3,3,3,3,3,3,3,3,2,3,3,3,3,3,3,2,2,3,3,3,4,3,4,3,3,3,3,3,3,3,2,3,2,3,4,4,3,3,5,3,3,2,5
my father worked 11 hours a day. i own a iphone 7. my mother use to read me bed time stories. i drink hot chocolate during the winter. i am allergic to seafood.,3,4,3,3,3,3,5,2,3,4,3,2,4,3,3,3,3,4,3,3,3,1,3,3,3,3,3,3,3,3,3,4,4,3,3,3,3,4,3,4,3,3,4,4,3,3,2,1,3,3,3,5,5,3,3,3,3,3,2,3
i work in public relations. i am from seattle. i am a vegan. my parents raised me as a buddhist. my favorite band is bon over.,4,5,3,4,3,3,5,2,4,5,3,3,4,3,4,3,3,4,3,5,3,3,2,4,3,3,4,2,4,2,3,5,4,3,4,3,1,5,3,4,4,3,5,3,3,4,3,3,3,4,3,5,5,3,3,4,4,1,3,4
"since i have fibromyalgia , the harsher winters here in pa will be rough on me. i grew up on a large farm. i just moved from va to pa. i enjoy doing beadwork and writing my own patterns.",3,5,3,2,3,3,5,2,4,4,3,3,4,3,4,3,3,4,3,4,3,2,4,3,3,4,3,3,3,3,3,4,3,3,5,3,3,3,3,4,2,3,3,3,3,3,3,2,3,3,2,5,4,3,3,3,3,3,3,4
i would travel the world if i could. i like listening to all genres of music except country music. i like spending time with my friends and family. i like to read a lot of books.,4,5,3,4,3,3,5,2,4,5,3,3,4,3,3,3,3,3,3,5,3,2,3,4,3,2,3,3,3,3,3,4,4,2,5,3,1,3,3,4,4,3,4,3,3,3,3,1,3,2,2,5,4,3,3,4,4,3,3,3
i am excellent at playing pool. i teach middle school art. i would love to visit the pyramids. i want to write a book before i die. i still like unicorns even though i m an adult.,3,5,2,4,2,4,5,2,4,5,3,2,4,3,4,3,3,4,3,5,2,2,2,4,3,2,3,2,5,2,3,5,4,2,5,3,1,4,3,4,4,3,4,4,3,3,3,1,3,2,2,5,5,3,3,5,4,3,2,4
i am going bald. i make my own clothes. i ran into jimmy fallon just the other day. i play the piano.,3,4,3,4,4,3,5,3,4,5,3,3,4,3,4,3,3,4,3,5,3,3,3,2,3,3,3,3,3,3,3,4,4,2,4,3,3,4,3,4,3,3,4,3,3,3,3,3,3,3,3,4,5,3,3,3,4,3,3,4
"i ve never been to the west coast of the united states. i was once on the local news , and not for anything illegal. i ve been to canada two times my entire life. my father use to drive a taxi cab in the 1970 s. my uncle use to work on fish boats in florida.",3,5,2,3,3,3,5,3,3,5,3,2,4,3,3,3,3,3,3,3,3,3,3,3,3,3,3,3,3,3,3,4,3,2,3,3,3,3,3,4,3,3,4,3,3,3,3,2,3,2,3,5,4,3,3,3,3,3,3,3
my mother and father are both in the church choir. i own my own music store. i played in a band for 17 years. i hope to retire to florida. i am an animal rights activist.,4,5,2,4,2,4,5,2,5,5,4,3,4,3,4,2,3,4,3,5,3,2,2,4,3,2,4,3,4,2,2,5,4,3,4,3,3,5,3,4,3,3,4,4,3,3,3,1,3,2,2,5,5,3,3,4,4,3,3,4
i have a beautiful rose garden. i love starbucks coffee. my parents met at woodstock. i was a swimmer in college.,4,5,2,4,3,3,5,2,4,5,3,2,4,3,4,3,3,4,3,3,3,3,3,4,3,2,4,3,4,3,3,5,4,2,5,3,1,4,3,4,4,3,4,4,3,3,3,1,3,3,3,5,5,3,3,4,4,3,2,4
my mother was an rn. i am a technician. my father was a dry wall finisher. i love history. i love to play softball.,3,4,2,4,3,4,5,2,5,5,2,2,4,3,4,2,3,4,2,3,2,2,2,4,3,2,3,2,4,2,2,4,4,2,3,2,2,4,2,4,4,3,5,4,3,2,2,2,3,2,2,4,5,2,4,4,4,2,2,2
i was a mechanic for 6 years. i collect bugs in jars. i build my own computers. i ran for political office in 2004. i thought of joining the military when i was younger.,2,3,2,2,2,4,5,2,5,5,2,2,4,3,5,2,2,4,2,3,3,2,2,3,3,2,3,2,5,2,2,4,4,2,2,3,3,5,2,5,4,3,5,4,2,2,3,3,3,2,2,4,5,3,2,4,3,2,2,5
i am considered a nerd by many. i love computers. i am very good at math and science. i started working at google last week on self driving car research. i i love logical and rational thinking.,2,3,2,3,2,3,5,1,4,5,3,3,4,3,5,3,3,5,3,1,2,3,3,3,5,3,3,2,4,3,4,3,4,3,2,2,3,5,3,5,2,3,5,5,4,1,3,1,4,3,1,4,5,3,3,4,3,3,1,4
"my mother is a professional make up artist. i want a dog , but that is a lot of commitment. i sometimes think i m shallow. if i want it , i buy it.",3,3,3,3,3,4,4,3,3,5,3,3,3,3,3,3,2,3,3,4,3,3,3,4,3,3,3,3,3,3,3,3,4,3,4,3,3,4,3,2,3,3,3,3,3,3,3,3,3,3,3,4,4,3,3,3,3,3,3,3
i sleep on a single bed. i drive a van. my favorite food is pizza. i prefer winter. i love the rain.,2,5,3,4,3,4,5,3,3,5,3,2,5,3,5,3,3,4,3,3,2,2,3,4,3,3,3,2,3,3,3,5,4,3,3,3,1,5,3,5,2,3,5,3,3,2,3,1,3,2,3,5,5,3,3,3,4,3,2,3
my parents are both dead. i find joy in the littlest things. i listen to music for more than 5 hours a day. i refuse to ride the bus.,1,5,3,4,3,4,5,2,5,4,3,2,4,4,4,4,2,3,4,5,1,1,3,3,3,3,3,3,3,3,4,4,3,2,5,3,2,3,5,5,2,3,4,3,3,3,3,2,3,2,3,4,5,5,3,3,3,3,4,4
i m a receptionist at a doctors office. i m also a fulltime student studying radiology at local college. my weekends are spent studying and looking over client files. my name is mary.,4,5,2,4,3,3,5,2,4,5,3,3,5,3,3,3,3,5,3,3,3,1,3,3,3,3,3,2,4,3,3,5,5,3,3,3,1,5,3,4,3,3,5,4,3,3,3,1,3,2,2,5,5,3,3,3,4,3,3,3
my husband is the ceo of taco bell. i have five cats. i am next in line to become queen of england. my favorite color is blue.,3,5,3,3,3,4,5,2,5,5,3,3,5,3,4,3,3,4,3,3,5,2,3,4,3,3,3,3,5,3,3,5,4,3,4,3,3,5,2,4,3,3,5,3,3,3,3,2,3,2,5,5,5,4,3,5,3,3,2,5
"my hair is a reddish brown. my family is very supportive of my skiing. i am a competitive ski racer. although i ski down high hills , i have a fear of heights. i broke my arm skiing once.",3,4,2,4,3,3,5,2,4,4,3,3,4,3,4,3,3,3,4,3,3,3,3,4,3,2,4,3,3,3,2,4,3,3,3,3,3,4,2,4,4,3,4,3,3,2,3,2,2,2,3,5,4,3,3,4,4,2,2,3
my mother was a weightlifter. i have blonde hair. i love money. i have brown eyes.,3,3,3,2,3,4,5,2,5,3,3,3,3,3,3,3,3,3,3,3,3,3,3,4,3,1,3,3,3,3,3,3,4,3,3,3,3,5,3,5,4,3,5,4,3,3,3,3,3,3,3,5,5,3,4,3,3,2,3,3
i am not much of a fan of hot weather. i like spending time with my friends and family. i would travel the world if i could. i like to read a lot of books. i like listening to all genres of music except country music.,3,5,3,4,3,3,5,2,3,5,3,2,4,3,3,4,3,4,3,5,3,1,3,4,3,3,3,3,3,3,3,5,4,2,4,3,1,4,3,5,3,3,4,3,3,3,3,1,3,2,3,5,4,3,3,3,4,3,2,3
my favorite food is pizza. i also like eating sushi. i am studying for my master s. cooking is one of my pass times. i am a student in social sciences.,3,4,2,4,3,4,5,3,4,5,3,3,4,3,4,3,3,4,3,3,3,3,3,4,3,2,4,3,4,3,3,5,4,3,3,3,3,4,3,4,4,3,4,4,3,3,3,3,3,2,3,5,5,3,3,4,4,2,3,3
"i do not like wearing a swimsuit. my parents are lawyers. if i cannot order it on the internet , i do not need it. winter is my favorite season.",1,3,3,1,3,1,5,3,1,3,3,3,3,3,3,3,3,3,3,3,2,1,3,1,4,3,3,3,3,3,4,3,5,3,1,3,2,4,3,3,3,3,3,3,3,2,3,3,3,4,3,3,3,3,3,1,3,3,1,3
i live on a beet farm. i think beets are the best vegetable. my favorite animal is a bear. i am a paper salesman.,3,4,2,3,4,3,5,3,5,3,3,3,5,3,3,3,3,4,3,3,3,3,3,3,3,3,3,2,3,3,3,5,5,3,3,4,3,5,3,3,3,3,5,5,3,3,3,1,3,2,3,5,5,3,3,3,5,3,3,3
i went to college and graduated few years ago. i live in the city. now i also work at a bank. my father used to work for a bank.,3,4,2,4,3,4,5,2,4,4,3,2,4,3,3,3,3,4,3,3,3,2,2,4,3,2,3,2,4,3,3,4,4,2,3,3,1,5,2,4,3,3,5,4,3,3,3,2,3,2,2,5,4,3,3,3,3,2,2,3
we will be traveling to niagra falls for our honeymoon. we are getting married in a park. my family hates my fiancé. my dog is the ring bearer.,3,5,3,5,3,5,5,3,4,3,3,1,5,3,4,3,1,4,3,3,3,1,3,5,3,3,5,3,5,3,3,5,4,3,4,3,1,5,3,4,3,3,5,3,3,3,1,1,3,2,3,5,5,3,3,3,3,3,3,3
i have 3 children. i have a law degree. i drive an suv. i have 3 dogs.,3,5,3,4,3,4,5,2,3,3,3,2,5,3,3,3,3,4,3,3,3,2,3,4,2,3,3,2,3,3,2,5,4,2,3,3,3,5,3,4,3,3,5,4,3,3,3,1,2,2,3,5,3,2,3,3,3,1,3,3
i went to law school. i am an excellent baker. i was born on christmas day. my landlord is raising my rent. everyone says my pecan pie is the best they have ever had.,3,4,2,4,2,4,5,2,4,5,3,2,4,3,4,3,2,4,3,3,3,1,3,3,4,3,3,3,4,2,3,4,4,3,4,3,3,5,3,4,3,3,4,4,3,3,3,3,3,2,3,5,5,3,3,4,3,2,3,3
i have 3 kids. i graduated with a statistics degree. i know how to count cards in blackjack. i am currently going back to school to try and become a casino manager.,3,4,2,4,3,4,5,2,5,5,3,2,4,3,5,2,2,5,3,3,3,2,2,4,2,2,3,2,4,3,2,4,4,2,3,3,3,5,2,4,3,3,5,5,2,3,3,1,3,2,3,5,5,3,3,4,3,2,3,3
i am married to a man. i love cats. i have five children. i like crocheting.,3,5,3,3,3,3,5,2,3,3,3,3,4,3,3,3,3,4,3,3,3,3,3,4,3,3,3,3,3,3,3,4,4,3,4,3,3,5,3,3,3,3,5,3,3,3,3,1,3,3,2,5,5,3,3,3,3,2,3,3
i do not have a job. i love the walking dead. i eat junk food. i am a couch potato. i love comics.,1,3,2,4,5,3,4,5,3,3,2,3,2,3,2,3,3,2,3,3,3,3,4,3,2,5,3,2,3,3,3,4,2,3,3,3,3,1,3,3,2,3,2,3,3,3,3,2,3,2,3,3,2,3,3,5,3,4,3,3
"i eat exclusively meat. my favorite movie is good burger. to stay in shape , i chase cheetahs at the zoo. in high school , i came in 6th in the 100 meter dash.",1,1,3,1,5,4,5,1,1,3,3,2,3,1,1,3,2,3,3,1,3,1,3,1,2,1,1,3,1,2,3,3,1,1,1,3,1,3,1,1,5,3,3,3,1,1,3,1,3,2,1,3,5,1,2,3,3,1,1,3
i m allergic to shellfish. i like horseback riding. my favorite food is cheese. i love going to concerts and dancing hard. i work at a non profit that helps children.,4,5,3,4,3,3,5,3,5,5,3,3,4,3,4,3,3,3,3,5,4,2,3,3,3,4,4,3,3,3,3,5,3,3,4,3,1,4,3,4,4,3,4,4,3,3,3,3,3,3,3,5,4,3,3,5,4,2,3,4
i enjoy spending time with my family. my favorite truck is a chevy duramax. i do not like vegetables. i love to go running. my favorite store is american eagle.,4,5,2,3,3,4,5,2,4,4,3,2,5,3,3,3,3,5,3,3,3,1,3,4,3,2,3,3,4,3,3,5,4,3,3,3,1,4,3,4,4,3,5,4,3,3,3,1,4,3,3,5,5,3,3,5,4,3,3,4
i love dancing. i like going to foreign countries. i am an only child. i dye my hair blonde. i have 3 cats.,4,5,2,4,2,3,5,3,5,5,3,3,4,3,3,2,3,3,3,4,3,3,3,4,3,2,3,3,3,3,3,4,4,3,5,3,3,4,3,4,4,3,4,3,3,3,3,1,3,3,3,5,4,3,3,5,4,3,3,4
i enjoy hiking. i have two border collies. i speak french and english fluently. i am planning to move to a new state soon. i am an artist.,3,5,2,3,5,3,5,2,4,5,3,3,4,3,4,3,3,3,3,5,2,3,2,3,3,2,3,2,3,1,3,4,3,2,5,3,3,3,3,4,4,3,4,3,3,3,3,1,3,3,2,5,4,3,3,5,3,2,3,5
i have an 18 year old son. i love animals. i spend time signing a lot of petitions and donate to animal rights groups. i volunteer walking dogs twice a week.,3,5,2,4,3,3,5,1,4,4,3,3,5,3,3,3,1,3,3,3,3,1,3,4,3,2,4,2,3,3,3,5,4,2,3,3,1,4,3,4,3,3,5,3,3,3,1,1,3,2,2,5,5,3,3,5,4,1,3,3
i like lizards. i wish i could live in a fantasy world. i draw during classes instead of taking notes. i don t have many friends. i have long hair for a boy.,1,4,4,3,4,2,5,3,2,5,3,2,3,3,4,4,2,2,3,4,2,2,3,2,2,3,3,3,3,3,4,4,2,2,4,3,2,2,3,4,2,2,2,3,3,2,2,2,2,2,2,3,3,3,3,3,2,3,3,4
i was a champion downhill skier in college. my sister is a published author. my favorite color is yellow. i sing karaoke every thursday night.,4,4,2,4,2,4,5,1,5,4,3,2,4,3,3,2,3,4,3,4,3,3,3,4,3,1,3,2,4,3,2,5,4,3,4,3,3,4,3,4,4,3,4,3,3,3,3,1,3,2,2,5,5,3,3,4,4,3,2,4
i am failing some of my classes. i fantasize about living in another country. i enjoy nature. i enjoy electronic music. i am in a lot of debt.,2,4,3,2,3,2,5,2,2,4,3,2,2,3,4,3,2,3,4,4,3,2,4,2,3,3,4,3,3,3,4,4,2,4,4,3,2,2,4,4,2,3,2,3,2,2,3,2,2,2,2,4,4,4,3,4,3,3,3,4
"i play quarterback. last season i was just getting started. this is my second year in the league. this season , i will become a playoff quarterback.",3,3,2,4,3,4,5,1,5,3,3,2,4,3,4,3,2,3,2,3,5,1,2,4,3,3,3,2,4,3,2,4,3,2,3,2,3,4,3,3,4,3,5,4,2,3,2,1,3,2,2,4,5,3,3,4,3,3,2,3
i do not like waking up early. i love the sound of the rain. i love photography. i like to use candles instead of lights. i enjoy spending a lot of money on my hobbies.,3,5,3,4,4,3,5,2,3,4,3,2,3,3,4,3,3,3,3,5,3,1,3,4,3,3,3,3,3,3,4,4,3,3,5,3,3,3,3,5,1,2,3,3,3,3,3,1,3,3,2,5,4,3,3,3,3,3,3,4
"i prefer the night to the day , but i love sunshine. i can never decide between a chili corn dog and a cheesy hot dog. i love dragons. i am a grandparent at 44.",2,4,3,4,3,3,5,3,4,5,3,2,3,3,4,3,3,3,3,4,3,2,3,4,3,3,3,3,3,3,3,4,3,3,4,3,2,4,3,4,2,3,4,3,3,3,3,1,3,2,2,4,5,3,3,4,3,3,3,4
i dye my hair blonde. i love dancing. i am an only child. i like going to foreign countries. i have 3 cats.,4,5,3,4,3,3,5,2,5,5,3,3,3,3,3,3,3,3,3,4,3,2,3,4,3,2,4,3,3,3,3,4,4,3,3,3,3,4,3,4,4,3,5,3,3,3,3,2,3,2,2,5,4,2,3,4,3,2,2,4
i am a roofer. i drive a lifted chevy truck. i played football in high school. my favorite food is steak cooked well done.,4,4,1,4,3,4,5,1,5,3,3,2,5,3,4,3,2,3,3,2,4,2,3,4,2,2,3,2,4,3,3,4,2,2,2,3,2,5,3,3,4,3,5,4,3,3,2,1,4,2,2,4,5,3,4,4,4,2,2,3
i have no children of my own. i m recently divorced. i m a children s librarian. i m very shy. i wear glasses.,2,4,3,3,3,2,5,3,3,4,3,3,4,3,3,5,3,4,3,3,3,2,4,3,3,3,3,2,3,3,5,4,4,3,3,4,2,4,3,4,3,3,4,4,3,3,3,3,3,3,3,4,4,3,3,3,4,2,3,3
i am a business man. i love to sing. my wife has terminal cancer. i have 3 children. i am a karate black belt.,3,5,3,4,2,4,5,3,4,3,3,3,4,3,4,3,3,4,3,3,4,3,3,3,3,3,4,3,3,3,3,5,4,2,3,3,3,5,3,4,3,3,5,3,3,3,3,1,3,3,3,4,5,3,3,4,3,3,3,4
i have a dog named bob. i live on an island. i am a closet cannibal. i enjoy fishing.,3,4,3,3,3,3,5,3,3,3,3,3,3,3,3,3,3,3,3,3,3,3,3,3,3,3,3,3,3,3,3,5,3,3,3,3,3,3,3,4,3,3,5,3,3,3,3,2,3,2,3,4,4,3,3,3,3,3,3,3
my dad is a veteran. i love watching funny movies. i listen to all kinds of music. i like to play tennis. my favorite color is green.,4,4,3,4,3,3,5,2,4,4,3,2,4,3,4,3,3,4,3,4,3,2,3,4,3,2,3,3,5,2,3,5,4,3,3,3,1,5,3,5,4,3,5,3,3,3,3,2,3,2,3,5,5,3,3,4,4,3,3,4
i like to play video games. i have been working the same job for two years. i am a musician. my favorite band is hop along.,2,3,2,4,3,3,5,2,4,5,2,2,4,3,4,3,3,3,3,5,3,2,2,4,3,2,3,2,3,3,4,4,2,2,5,3,3,4,2,4,3,3,4,3,3,3,3,1,3,2,2,5,5,2,3,4,3,2,2,4
i have 3 dog. i have 2 kids. my husband is a lawyer. i love flowers.,3,5,2,3,4,3,5,2,3,3,3,3,4,3,3,3,3,5,3,3,3,3,3,3,3,3,3,2,3,3,3,5,4,3,5,3,1,5,3,3,3,3,4,3,3,3,3,2,3,3,2,5,4,3,3,3,4,1,3,3
i used to be very religious. i tutor kids in my spare time. i have 3 small dogs. i have a personal trainer. i love to ride bikes.,4,5,2,4,3,3,5,2,5,5,3,3,4,3,3,3,3,4,3,3,3,1,3,4,3,2,5,2,4,3,3,5,4,2,3,3,1,4,2,4,4,3,5,4,3,3,3,1,3,1,3,5,5,3,3,4,4,1,3,3
i am overall happy with life. my favorite band is nirvana. i am a waitress at a local restaurant. i am a casual dresser. my car needs some repairs.,3,4,2,4,3,2,5,2,4,4,3,2,4,2,3,3,3,2,3,5,2,2,3,4,3,3,4,3,4,3,3,4,3,2,4,3,2,4,2,3,2,3,4,3,3,3,3,2,3,2,2,4,4,3,3,4,4,2,2,3
i like to sew. i have one cat. i am not thin. i am short. my hair is brown.,3,5,2,4,4,3,5,2,3,3,3,2,4,3,3,3,3,4,3,3,3,1,3,3,3,3,3,3,3,3,3,4,3,3,4,3,1,3,3,4,3,3,3,3,3,3,3,2,2,3,2,5,4,3,3,3,3,3,3,3
i don t have many friends. i draw during classes instead of taking notes. i like lizards. i have long hair for a boy. i wish i could live in a fantasy world.,1,4,4,3,4,2,4,3,2,5,3,2,3,4,4,5,3,2,3,4,2,2,4,2,2,4,3,3,3,3,5,3,2,3,4,3,2,2,4,4,2,3,2,3,2,2,3,3,2,2,2,3,4,3,3,2,3,3,4,4
"i flirted with the dmv officer in order to pass my driving exam. i don t have a relationship with my deadbeat dad. i still like combat boots with babydoll dresses. i want to visit rome , but i can t make myself go alone.",4,5,3,3,3,4,5,2,4,5,3,2,4,3,4,3,2,3,4,4,2,1,3,3,3,3,3,3,4,3,3,3,4,3,4,3,1,4,3,4,4,3,3,3,3,4,2,1,3,2,3,5,5,3,3,3,3,4,3,4
i am an old woman who lives on a social security check. i babysit for the woman who lives next door. i only take the bus. my favorite color is yellow. i often do not have the money to pay my utility bills.,2,5,2,2,3,2,5,2,3,3,4,2,5,3,4,4,2,3,3,3,1,2,4,1,3,4,5,3,3,3,4,5,4,4,3,3,2,2,4,3,2,2,5,3,3,3,2,1,2,3,3,5,3,4,3,3,3,3,3,3
"when things go wrong , i do everything i can to make it right. it s important to me to make my clients happy. i always answer my cellphone. i take fridays off in the summer. i work in sales.",4,4,1,4,3,4,5,1,5,3,3,1,5,3,4,3,1,4,1,3,3,1,1,4,3,1,4,1,4,3,1,5,4,1,3,3,1,5,3,3,4,1,5,4,3,3,1,1,3,2,1,5,5,3,3,4,4,1,1,3
i read autobiographies before bed. my favorite meal is chicken and rice. my favorite band is metallica. i regularly go to the gym. i have a cat named george.,2,3,3,3,3,3,5,2,3,5,3,2,4,3,3,3,3,4,3,4,3,1,3,4,3,2,3,3,4,3,3,3,4,3,3,3,3,4,3,4,4,3,4,4,3,2,3,3,3,2,2,5,4,3,3,3,3,3,2,3
i am lusting after the neighbour pool boy. i believe i hear voices. i collect toys wearing little rain coats. i enjoy mystery flavour cake.,3,5,3,5,3,3,5,3,3,5,3,3,3,3,3,3,3,4,3,3,3,3,3,3,3,3,3,3,3,3,4,4,4,3,5,3,2,5,3,5,3,3,5,3,3,3,3,1,3,3,3,5,4,3,3,3,3,3,3,5
my friends like watching it to. we drink beer and eat food. i like football. we watch the games together. it s great fun.,5,3,3,3,3,3,5,3,4,3,3,3,3,3,3,3,3,3,3,3,3,2,3,4,3,3,3,3,3,3,3,4,3,3,3,3,3,3,3,3,4,3,4,3,3,4,3,2,3,2,3,5,4,3,4,5,4,3,3,3
i can t stand beets. i m an ovo vegetarian. i can t cook. every day i drive an hour to work in this horrible traffic.,3,5,4,3,3,4,5,4,4,3,4,3,4,3,2,3,3,3,4,3,3,3,4,3,3,3,3,3,3,3,3,4,3,3,3,3,3,4,3,4,3,3,3,3,3,3,3,2,3,2,4,5,3,3,3,3,3,3,3,3
i ve never been to the city. i live on a small farm in ohio. i play guitar in the local band. my name is omar. i am the youngest of three brothers.,3,5,2,4,4,3,5,2,4,5,3,2,4,3,4,3,3,5,3,4,3,3,3,3,2,3,4,2,3,3,2,4,4,3,4,3,5,4,3,4,4,3,4,4,3,4,3,1,3,2,3,5,5,3,3,4,4,2,3,4
i am diabetic. i like video games. my mother worked for apple. my favorite genre of music is rock. i have never been employed.,3,4,3,3,3,3,5,3,4,3,3,3,4,3,3,3,3,3,3,4,3,2,3,3,3,3,3,3,3,3,3,3,3,3,3,3,3,3,3,4,3,3,3,3,3,3,3,3,3,3,3,4,4,3,3,4,4,2,3,3
i love decorating for christmas. i like classic radio programs. summer is my favorite season. i love my impala.,3,4,2,4,1,3,5,2,5,5,3,2,5,3,3,3,1,4,3,4,3,1,2,4,2,2,3,2,4,1,3,5,4,3,5,3,1,5,2,3,3,3,5,3,3,3,1,1,3,2,2,5,5,3,3,5,4,2,3,3
i like to sing broadway show tunes. my favorite tv show is dancing with the stars. i have a cat named seven of nine. i work at a coffee house. i am a student at michigan state university.,4,5,2,4,4,3,5,2,4,5,2,2,4,3,4,2,3,4,3,5,2,2,3,3,3,2,4,3,3,3,3,4,4,2,5,3,1,4,3,4,4,3,4,3,3,4,3,3,3,2,3,5,4,3,3,4,3,3,2,4
i m terrified of heights. i have four sisters. i believe that mermaids are real. i love iced tea. my mom is my best friend.,2,5,3,2,3,3,5,3,4,5,3,2,3,3,3,3,3,4,3,3,2,3,3,2,3,3,4,2,2,3,4,5,4,3,3,3,3,4,3,5,3,3,4,3,3,3,3,2,1,2,3,5,4,3,3,3,3,2,2,3
"i am obsessed with filming. i try not to think about death. sometimes , people worry i am crazy. i love to put a smile on people s faces.",4,4,3,2,3,4,5,2,4,3,3,3,3,3,4,3,3,3,3,4,3,2,3,3,3,2,3,3,3,3,3,4,3,2,4,3,3,4,3,4,4,3,4,3,3,3,3,1,3,2,2,5,5,3,3,5,3,2,2,4
i like to keep my stockpile organised. i donate any overstock to charity. i shop several times a week. i love to save money.,3,5,1,3,3,3,5,1,3,3,3,3,4,3,4,3,1,5,3,3,3,3,3,4,3,3,3,1,3,3,3,5,5,3,3,3,3,5,3,3,3,3,4,3,3,3,3,1,3,3,1,5,5,3,3,3,3,1,3,3
i like to go out to eat. one of my favorite artists is drake. i also enjoy cooking. i like listening to other rap music too. a hobby of mine is the drums.,4,3,2,3,3,3,5,2,3,5,2,3,4,3,4,3,3,3,3,5,2,1,3,4,3,2,3,3,3,3,3,4,3,3,5,3,3,4,3,5,4,3,4,3,3,3,3,2,3,2,2,5,4,3,3,4,3,3,3,3
i was once offered to play basketball professionally. i spend my evening creating the perfect music playlist. i love wearing name band clothing. i prefer the night instead of the day. i have woman calling me all the time.,1,3,2,3,3,3,5,2,5,3,3,2,4,3,3,3,1,3,3,4,3,1,3,4,2,2,3,3,3,2,3,3,3,3,3,3,1,3,3,4,3,3,4,3,2,3,2,1,3,2,2,5,5,1,3,4,3,2,3,3
i drive a restored mustang. i m a college student. i play football. i like action movies. my father is a doctor.,4,3,2,4,3,4,5,2,4,4,2,3,4,3,4,2,3,4,3,2,4,2,2,4,2,5,3,2,4,2,2,4,4,2,3,3,1,4,3,4,4,3,4,4,2,3,3,1,3,3,3,5,4,3,4,4,4,2,2,4
"i am 5 3 and am the shortest person in my family. i am the oldest sibling. my youngest sister is in first grade. my father is a school teacher , he teaches middle school.",3,5,2,3,3,3,5,2,3,5,3,3,4,3,3,3,3,4,3,3,3,1,3,3,3,3,3,3,3,3,4,4,4,2,3,3,3,4,2,3,4,3,4,3,3,3,3,2,3,2,2,5,4,3,3,3,4,3,3,3
i hate social obligations because i always say the wrong thing. i like running in marathons. i spend a lot of time watching obscure foreign film on netflix. my dad owns a appliance store that i don t want to inherit.,1,4,3,2,4,3,4,3,4,5,3,2,3,3,4,4,3,3,4,4,2,2,4,2,2,2,3,3,3,3,4,3,3,4,5,3,2,5,3,4,4,3,3,3,3,2,3,2,2,2,3,2,4,3,3,2,3,3,3,4
connor mcgreggor is my favorite fighter. i like watching ufc fights. i enjoy travel. i work in a factory.,3,4,2,2,3,4,5,2,4,4,2,2,4,3,4,3,2,3,3,3,4,2,2,3,2,2,3,2,3,3,2,4,3,2,3,3,1,4,3,3,4,3,4,4,3,2,3,3,3,2,2,4,4,3,2,4,4,2,2,4
my parents are distant. i have an older brother that has gotten into trouble. i see a therapist that does not really understand me. i have trouble feeling emotion.,1,1,3,2,3,2,5,2,1,3,4,2,3,3,3,4,4,3,4,3,1,2,4,1,3,3,2,3,5,3,4,3,3,3,3,3,2,4,3,4,2,3,3,5,4,2,4,2,3,3,3,3,4,4,3,1,2,2,1,3
i love music. i work in retail. lady gaga is my current favorite singer. madonna is my all time favorite.,4,5,2,3,3,3,5,2,5,5,3,2,4,3,4,3,3,3,3,5,2,3,3,3,3,3,3,3,3,3,3,4,4,3,5,3,1,4,3,3,3,3,5,3,3,3,3,1,3,2,2,5,5,3,3,5,4,3,2,4
"if i want it , i buy it. my mother is a professional make up artist. i sometimes think i m shallow. i love to go outside at night and eavesdrop on my neighbor s arguments. i want a dog , but that is a lot of commitment.",3,4,3,2,2,4,4,2,3,4,2,2,3,3,3,2,2,2,3,3,2,1,3,2,2,2,3,3,3,3,3,2,3,2,4,3,2,4,3,3,3,3,3,3,3,3,2,1,3,2,2,3,3,3,2,2,2,3,3,3
i am a very tall woman. i love to cook ethnic foods. i love to draw. i have very curly hair.,3,4,3,3,4,3,5,3,5,5,3,3,4,3,5,3,3,3,3,5,3,3,3,4,3,3,3,3,3,5,3,5,4,3,5,3,1,5,3,4,4,3,5,4,3,3,3,3,3,5,3,5,5,3,3,4,4,3,3,5
i like potatoes. i lease my car. i have two dogs. i work in accounting.,3,3,3,3,3,3,5,3,3,3,3,3,5,3,3,3,3,4,3,3,3,3,3,3,3,3,3,3,3,3,3,3,4,3,3,3,3,4,3,3,3,3,4,4,3,3,3,3,3,3,3,5,4,3,3,3,3,3,3,3
i have been divorced for 2 years. i love collecting teapots. my grandmother lives in my guesthouse. i am a cat person.,3,5,2,4,4,3,5,3,4,4,3,2,4,3,3,4,3,4,3,3,2,2,3,4,3,3,4,3,4,3,4,4,4,2,4,3,1,4,2,4,3,3,4,4,3,3,3,2,3,3,3,4,5,3,3,3,4,3,2,4
i have long red hair. i work at home on my computer. i own 10 cats. i do not eat asparagus.,3,5,3,3,3,3,5,3,3,3,3,3,4,3,3,3,3,4,3,3,3,3,3,4,3,3,3,3,3,3,3,4,4,3,3,3,3,5,3,3,3,3,4,3,3,3,3,3,3,3,3,5,5,3,3,3,3,3,3,3
i spend time signing a lot of petitions and donate to animal rights groups. i am a vegan. i volunteer walking dogs twice a week. i love animals.,3,5,3,3,3,3,5,1,5,3,3,3,5,3,3,3,5,3,3,3,3,1,3,4,3,4,4,1,3,3,3,5,3,3,3,3,1,5,3,4,3,3,4,3,3,3,5,1,3,2,1,5,5,3,3,5,3,1,3,3
i drive a fast car. i work for a large company. i listen to rock music. i like to eat food. i dream of winning the lottery.,3,3,3,3,3,4,5,2,4,3,3,2,3,3,3,3,3,3,3,4,3,3,3,3,3,2,3,3,3,3,3,3,3,3,3,3,3,4,3,3,4,3,4,3,3,3,3,1,3,3,2,5,4,3,3,4,3,3,3,3
i am getting married next week. we are getting married in a park. we will be traveling to niagra falls for our honeymoon. my family hates my fiancé.,3,5,3,4,3,4,5,3,4,3,3,2,4,3,3,3,2,4,3,3,3,1,3,5,3,3,4,3,4,3,3,5,3,3,3,3,3,5,3,3,3,3,5,4,3,3,1,3,3,3,3,5,5,3,3,3,3,3,3,3
i fly airplanes. my favorite band is tool. i enjoy building computers. i am in the army. i dropped out of college.,2,4,2,4,3,4,5,2,4,5,3,3,4,3,4,3,3,4,3,2,4,1,3,4,2,2,3,2,5,2,3,4,4,3,4,3,3,5,1,5,4,3,4,5,3,2,3,5,4,3,3,5,5,3,4,4,4,2,3,4
my car is pink. i have a cat named leela. i am a youtube. i make videos about makeup. my dad is an airline pilot.,4,4,3,4,4,3,5,2,5,5,3,3,3,3,3,3,3,3,3,3,3,2,3,4,3,3,3,3,3,3,3,4,4,3,4,3,3,4,3,4,3,3,4,3,3,3,3,2,3,2,3,5,4,3,3,4,3,3,3,5
my sister is a published author. i was a champion downhill skier in college. i sing karaoke every thursday night. my favorite color is yellow.,4,5,3,4,3,4,5,2,5,5,2,2,4,3,4,3,3,4,3,5,3,3,3,4,3,2,5,2,5,3,3,5,4,2,4,3,3,5,2,4,4,3,5,4,3,4,3,3,3,2,2,5,5,3,3,4,4,2,3,4
i sleep a lot. i love sweets. i am in high school. i cs and ds. i love bruno mars.,3,3,3,3,3,3,4,4,3,3,2,3,3,3,3,3,3,3,3,4,3,3,3,3,3,4,3,3,3,3,3,3,2,3,3,3,3,2,3,3,1,3,3,3,3,3,3,2,3,3,3,4,3,3,3,3,3,3,3,3
i love to travel. i enjoy skiing. i am from russia. i go to school for business. my favorite music is rock and roll.,4,4,3,3,3,3,5,2,5,5,3,3,3,3,4,3,3,3,3,4,3,2,3,3,3,3,3,2,3,2,2,5,3,2,3,3,5,5,3,4,4,3,5,3,3,3,1,1,3,3,2,5,5,3,3,5,4,2,3,4
i enjoy fishing. i love to cook. i work for an architect firm. i have three dogs. i am looking for someone.,3,4,1,4,3,3,5,2,5,5,3,3,4,3,5,3,3,4,3,3,3,3,3,4,3,2,4,2,5,3,3,4,4,3,4,3,3,4,3,4,4,3,5,4,3,3,3,1,3,2,3,5,5,3,3,4,4,3,3,4
"i have 2 dogs , both golden retrievers. i am on a keto diet. i like going to the moves. my father and grandfather also worked in the circus.",3,5,2,4,3,3,5,2,5,4,3,2,4,3,4,3,3,4,3,3,3,3,3,4,3,2,3,3,4,3,3,4,4,2,4,3,3,5,2,4,4,3,5,4,3,3,3,3,3,2,3,5,4,3,3,4,4,2,2,3
my name is omar. i ve never been to the city. i live on a small farm in ohio. i am the youngest of three brothers. i play guitar in the local band.,3,4,3,4,4,3,5,2,4,5,3,3,3,3,3,3,3,3,3,5,2,2,3,4,2,2,4,3,3,4,2,4,3,2,4,3,1,3,3,4,3,3,4,3,3,3,3,1,3,3,3,4,4,3,3,4,4,3,3,4
my name is gerald. i like basketball. i work at mcdonalds. my favorite color is green.,3,3,3,3,3,4,5,3,3,3,3,3,4,3,3,3,3,3,3,3,3,3,3,3,3,2,3,3,3,3,3,5,4,3,3,3,1,3,3,3,3,3,3,3,3,3,3,3,3,3,3,5,5,3,3,4,3,3,3,3
my favorite place to spend time at is the beach. i love to read. i have 3 sisters and 2 brothers. i have a masters degree in creative writing. i live in a medium sized city.,3,5,2,5,3,3,5,2,4,5,3,2,4,3,4,4,3,4,3,5,3,2,2,4,3,2,3,2,3,5,3,5,4,2,5,3,1,4,3,4,2,3,4,3,3,3,3,2,3,3,2,5,5,3,3,4,4,3,2,4
my father use to drive a taxi cab in the 1970s. i have been to canada two times my entire life. my uncle use to work on fish boats in florida. i have never been to the west coast of the united states.,3,5,2,3,3,3,5,2,4,5,3,2,4,3,3,3,2,4,3,3,3,2,3,3,3,3,3,3,4,3,3,4,4,2,3,3,3,4,3,5,3,3,4,4,3,3,3,2,3,2,3,5,4,3,3,3,3,3,2,3
i love nighttime. my favorite food is pizza. i am an artist. i have a cat named charlie. i just bought new hoop earrings.,2,5,3,4,4,3,5,2,4,5,3,2,3,3,5,4,3,3,3,4,3,2,3,4,4,3,3,3,3,5,3,4,3,3,5,3,3,3,3,4,2,3,5,3,3,3,3,1,3,1,2,5,5,3,3,5,3,3,3,5
i like to read. yellow is my favorite color. i love to workout. i love the game halo. i work for a magazine.,3,4,3,3,3,3,5,2,4,5,3,3,4,3,3,3,3,4,3,5,3,3,3,4,3,2,3,3,3,3,3,4,4,3,5,3,3,4,3,5,4,3,5,3,3,3,3,3,3,3,3,5,5,3,3,4,3,3,3,4
i love to ride my bike. i like going to the beach. i have a dog named george. i used to work for a cable company. i like my job.,3,5,3,3,3,3,5,3,5,4,3,3,4,3,3,3,3,3,3,3,3,3,3,4,3,1,3,3,3,3,3,4,4,3,3,3,3,4,3,3,4,3,5,3,3,3,3,3,3,1,3,5,5,3,3,4,4,3,3,3
i talk in my sleep. i watch a movie sundays evenings. i like tacos. i love folk metal. i own a cat.,3,4,2,4,3,4,5,3,5,5,3,3,4,3,3,2,3,4,3,4,3,3,3,4,5,3,3,3,3,3,3,4,3,3,5,3,2,4,3,4,3,3,3,3,3,4,3,1,3,2,2,5,4,3,3,4,3,3,3,4
i surf everyday. i work at a bar. i can play piano. i like to listen to country music. people say i can cook well.,4,3,3,4,3,3,5,2,4,4,3,3,4,3,3,3,3,3,3,3,2,2,3,4,3,1,3,2,3,3,2,4,4,3,3,3,3,4,3,3,4,3,4,3,3,3,3,1,3,2,2,4,4,3,3,4,4,3,3,3
my dad owns a appliance store that i don t want to inherit. i prefer eating at home because people make me nervous. i spend a lot of time watching obscure foreign film on netflix. i hate social obligations because i always say the wrong thing. i like running in marathons.,1,3,3,1,3,2,4,2,1,3,3,2,3,3,3,5,2,3,4,3,2,2,3,2,3,4,3,3,2,3,5,2,3,3,4,3,3,3,3,5,4,3,2,3,3,2,2,1,2,3,3,2,4,3,3,2,2,3,3,4
i have a cat named kj. i have lived in several different states. i like to cook. my husband was a salesman.,3,5,3,3,3,3,5,3,3,5,3,3,3,3,3,3,3,4,3,3,3,3,3,3,3,3,3,3,3,3,3,4,3,3,3,3,3,4,3,3,3,3,3,3,3,3,3,2,3,3,3,5,5,3,3,3,3,3,3,3
i listen to blues and jazz. i live in a tiny house to save money. i tend bar on the weekends. i collect single malt scotch. during the week i go to college to become a lawyer.,2,4,3,4,2,3,5,2,3,5,3,2,4,3,4,3,3,4,3,5,3,2,3,4,3,3,3,3,5,3,3,4,4,2,4,3,3,4,2,4,2,3,4,4,3,2,3,2,3,2,2,4,5,2,3,3,3,3,2,3
pizza is my most favorite thing. i like reading. i like being by myself. i enjoy taking late night walks when it s completely dark.,1,3,3,5,3,2,5,2,3,3,3,2,3,3,3,5,2,3,3,4,2,1,3,4,2,3,3,3,3,3,5,3,3,2,3,3,1,3,3,4,2,2,3,3,3,1,2,2,3,2,1,5,3,3,3,3,3,3,2,3
i have 2 brothers. i am a senior in high school. i am interested in producing music. i am going to start school at the university of kentucky.,3,4,2,4,4,3,5,2,4,4,2,2,4,3,4,3,3,4,3,5,2,2,2,3,3,2,3,2,3,4,3,4,3,2,4,3,1,4,2,4,4,3,4,3,2,2,3,2,2,2,2,4,5,2,3,4,3,2,2,4
i decided to become vegan a year ago. sometimes i volunteer at an urban farm. i work at the grocery store. i am vegan. i help around with bookkeeping and tours.,3,5,3,3,3,3,5,2,4,5,3,3,4,3,4,3,3,4,3,3,3,3,3,4,3,2,3,3,3,3,3,5,4,3,3,3,3,4,3,4,3,3,4,3,3,3,3,1,3,2,2,5,5,3,3,4,4,3,3,3
i am in a motorcycle club. i am a grown woman. i have gone 208 mph for for than 10 minutes. i have more then 10 tattoos.,3,3,2,3,3,4,5,1,3,3,2,2,4,3,3,3,2,3,3,4,5,1,3,5,2,1,3,3,5,3,2,4,2,2,4,3,1,4,3,4,4,3,5,4,3,3,3,1,3,3,1,4,5,1,3,5,3,3,2,4
i used to work as an actress. i love all animals. i love my job. my favorite music is country. i am a vegan.,4,5,2,3,1,3,5,2,5,5,3,3,5,3,3,3,3,3,3,5,3,1,3,4,3,2,4,2,5,1,3,5,4,3,5,3,1,5,2,4,4,3,5,3,2,3,3,1,3,2,3,5,5,3,3,5,4,3,2,4
"i am a carnivore. my favorite band is creed. my father is in prison. i enjoy running. i went on welfare last month , which makes me want to run into traffic in front of big trucks.",1,1,3,1,3,3,5,1,1,3,3,3,3,3,3,3,3,1,4,2,1,1,3,1,3,2,3,3,1,3,3,3,1,3,1,3,1,3,3,3,4,3,3,1,3,3,3,1,2,3,1,3,3,4,3,2,3,3,3,3
my brother is in a metal band and travels the world. i am in college now and want to be a teacher. i will be graduating in september and hope to get a teaching job soon. my family migrated to america when i was five.,3,5,2,4,2,3,5,2,4,5,2,2,4,2,3,3,3,4,2,4,2,3,2,4,3,2,3,2,4,2,3,5,4,2,3,3,3,4,2,4,4,3,5,4,3,3,3,2,3,2,2,5,5,2,3,4,4,2,2,3
i love to drive my car. i enjoy travel. i work in a factory.,3,3,2,4,4,3,5,2,3,3,3,2,5,3,3,3,2,3,3,3,3,3,2,3,3,2,3,2,3,3,3,5,4,2,3,3,3,5,3,3,4,3,4,3,3,3,3,2,3,2,3,5,4,3,3,4,3,2,3,3
i like to chat with my friends. i love to go out to eat with my family. i like to take drives in the country. i like to go to the movies.,4,4,2,4,3,3,5,2,4,5,3,2,5,3,3,2,3,3,3,4,3,1,3,4,3,2,4,3,3,3,2,5,3,2,4,3,1,3,1,3,3,3,4,3,3,4,1,1,3,2,2,5,4,3,3,4,4,3,3,3
my father worked for ge. i am an aspiring singer. i love animals. green is my favorite color. i enjoy playing tennis.,3,5,2,4,2,3,5,2,4,5,3,2,4,3,4,3,3,2,3,5,2,2,3,3,3,2,3,2,3,2,3,4,4,3,4,3,1,4,3,4,4,3,4,3,3,3,3,3,3,2,2,5,5,3,3,4,4,2,2,4
i love to travel. dogs are my favorite animal. i like to eat pizza. i enjoy cooking and baking.,3,5,3,5,3,3,5,2,5,5,3,2,3,3,3,3,3,3,3,3,3,1,3,3,3,2,3,2,3,3,3,5,4,3,3,3,1,3,3,3,3,3,5,3,3,3,1,1,3,2,3,5,5,3,3,5,4,2,3,3
i live on a small farm in ohio. my name is omar. i ve never been to the city. i play guitar in the local band.,4,4,3,3,4,4,5,3,4,5,3,3,4,3,4,4,3,3,3,5,3,1,3,4,3,3,4,2,3,3,4,4,4,3,4,3,1,3,3,4,4,3,4,4,3,3,3,1,3,2,2,5,5,3,4,4,4,3,3,4
i am a geology major at alabama university. i have a girlfriend of 7 years. i currently suffer from social anxiety. i watch every football game at alabama.,2,4,2,2,3,2,5,2,3,4,3,3,4,3,4,4,3,4,4,3,2,2,3,2,3,3,4,2,2,3,4,4,3,4,3,3,2,4,2,4,2,2,4,3,3,2,3,7,2,3,2,4,4,3,3,3,3,2,3,4
my favorite artist is bob ross. i am a vegan. i enjoy hiking. i got a job as an accountant 3 months ago.,3,5,2,5,3,3,5,2,5,5,3,3,4,3,3,4,3,4,3,5,3,1,3,4,3,2,4,2,5,3,3,5,4,3,5,3,1,4,3,4,2,3,4,4,3,2,3,1,3,2,3,5,4,3,4,3,5,2,3,3
i have purple hair. my favorite color is red. i like to play video games. i have 2 turtles. my favorite movie is gone with the wind.,3,5,3,3,3,4,5,3,5,5,3,3,3,3,3,3,3,3,3,3,3,3,3,5,3,3,3,3,3,3,3,5,3,3,4,3,1,3,3,4,3,3,4,3,3,3,3,2,3,2,3,5,5,3,3,4,3,3,3,5
i am an art teacher. sometimes i like to visit thrift shops. i like to recycle my thrift shop finds and make new items. i like to sew my own clothing. i enjoy clothing with exotic prints.,3,4,3,4,1,3,5,1,5,5,3,3,3,3,5,3,3,3,3,5,3,3,3,4,3,3,3,2,3,1,3,4,3,3,5,3,3,3,3,4,3,3,3,3,3,3,3,1,3,3,1,5,5,3,3,5,3,3,3,5
there are thorns tattooed on my toes. i am studying to be a dental hygienist but i hate seeing patient s saliva. i only wear silver jewelry. i work in a doctor s office.,3,5,3,4,3,3,5,3,3,4,3,3,4,3,3,4,3,4,4,3,3,1,3,3,3,3,3,3,5,3,4,4,4,3,3,3,2,4,3,5,3,3,4,4,3,3,3,1,3,2,3,5,5,3,4,3,3,3,3,3
"i am a hippie. i have two tattoos. i drive a large , blue van. i love to recycle. i have curly , red hair.",4,5,3,5,3,3,5,3,5,5,3,3,3,3,5,3,1,3,2,5,3,2,3,5,5,3,5,2,3,3,3,5,2,2,5,3,1,2,3,5,4,3,3,3,3,3,3,1,3,5,3,5,5,3,3,5,5,3,3,5
i am seventy one years old. i love to keep a small garden outside of my house. i love all sorts of fresh vegetables. my favorite food to harvest is carrots. my house is located in the countryside.,3,4,3,5,3,3,5,2,5,4,3,3,5,3,3,4,3,4,3,3,3,3,3,4,3,2,3,2,5,3,3,4,5,3,3,3,3,4,3,3,3,3,5,3,3,3,3,1,3,3,1,5,5,3,3,4,3,3,3,3
i work at a coffee shop. my sister and i are in a grunge band. i have an eyebrown piercing. both of my parents are teachers.,4,4,3,4,2,4,5,2,4,4,2,2,4,4,4,3,2,3,3,5,2,2,3,4,2,2,4,3,3,3,3,4,3,2,4,3,2,4,2,4,4,3,4,4,3,4,3,2,2,2,2,4,4,2,3,4,4,2,2,4
i was a navy brat and have attended 16 schools in 12 years. i make friends fast and say goodbye fast. i chew my nails. i am studying to be a special education teacher. i kayak at the lake on weekends.,5,5,3,2,3,4,5,2,4,5,2,2,2,3,4,2,3,2,3,3,2,2,3,2,3,2,4,3,3,3,2,5,2,2,3,3,2,4,2,4,4,2,3,3,3,4,3,2,2,2,2,5,4,2,3,4,4,3,2,3
i like to go to comic con. i play the guitar. i am a lesbian. i write short films. my father recently had a heart attack.,4,5,3,3,3,4,5,2,4,5,3,3,4,3,4,3,2,3,3,5,3,3,3,3,3,2,3,3,3,4,3,4,3,4,4,3,3,4,3,5,4,3,5,3,3,3,3,2,3,2,3,4,4,3,3,4,3,3,3,4
i just took a trip to london. i love to watch game shows. i m easily agitated. i m very religious.,2,4,2,1,3,4,5,2,2,4,2,2,4,4,4,2,3,4,4,3,2,2,3,2,2,2,3,3,2,3,3,4,4,4,3,3,2,4,3,4,2,5,3,2,2,2,3,1,2,2,2,5,4,2,2,4,2,3,4,4
i am a college student. my dad is a dentist and my mom is a teacher. my major is in business administration. i ve been in a relationship for 2 years.,3,4,3,4,3,3,5,2,4,4,3,2,4,3,4,2,3,4,3,3,3,3,3,4,3,2,4,3,3,3,3,4,4,2,3,3,3,4,2,4,3,3,4,3,3,3,3,2,3,2,3,5,4,3,3,3,4,3,3,3
i am married. i own my home. my car is blue. i live in colorado. i have an mba degree.,3,4,3,3,3,3,5,3,4,3,3,3,4,3,3,3,3,4,3,3,3,3,3,4,3,3,3,3,3,3,3,5,4,3,3,3,3,5,3,4,3,3,5,4,3,3,3,2,3,3,3,5,5,2,3,3,3,3,3,3
i am still living at home at age 30. i am currently trying to open my own grocery store. i am a volunteer firefighter. i am colorblind.,3,5,3,4,3,3,5,2,4,4,3,3,4,3,4,3,3,4,3,3,3,2,4,3,3,3,4,2,3,3,3,5,3,3,3,3,1,4,3,4,3,3,4,4,3,2,3,3,3,2,3,4,4,3,3,4,3,3,3,3
i watch youtube videos. i like sleeping. i have brown hair. i write.,3,3,3,3,4,3,5,2,3,5,3,3,3,3,3,4,3,3,3,3,3,3,3,3,3,4,3,3,3,3,4,3,2,3,3,3,3,3,3,5,2,3,3,3,3,2,3,2,3,2,2,3,3,3,3,3,3,3,3,3
i hate cleaning. i am italian american. i work in finance. my favorite color is blue. i paint with watercolors.,3,4,2,4,3,4,5,2,4,3,3,3,4,3,3,3,3,2,3,5,3,3,4,3,3,3,3,3,3,2,3,4,2,3,5,3,3,4,3,4,3,3,5,4,3,3,3,2,3,3,3,5,4,3,3,3,3,3,3,4
i take vitamin c when i have a cold. i am disabled and cannot walk. my favorite season is winter. i do not eat bread.,2,5,3,4,3,3,5,3,3,3,3,3,3,3,4,3,3,3,3,3,3,3,3,3,3,5,3,3,3,3,3,5,3,3,3,3,3,4,3,4,1,3,3,3,3,1,3,2,3,3,3,5,3,3,3,3,3,3,3,3
i play football. i drive a restored mustang. i am a college student. i like action movies. my father is a doctor.,4,3,3,4,3,4,5,2,5,3,3,3,4,3,3,3,3,3,3,3,4,3,3,4,3,2,3,2,3,3,3,4,3,3,3,3,3,4,3,3,4,3,4,4,3,3,3,2,3,3,2,5,5,3,4,4,4,3,3,3
"i like to write poetry. when i have nothing else to do , i read books. i used to be in the marines. i work as a bartender.",3,4,2,4,3,3,5,2,4,5,2,2,4,3,4,4,3,3,3,5,3,2,3,3,2,2,3,3,3,5,3,4,3,2,5,3,3,3,3,5,2,3,4,3,2,2,3,3,3,2,2,4,5,3,3,3,4,3,3,5
i like to use a lot of exclamation marks when i type. i have three dogs and two cats. playing quake on slackware linux makes me happy. i live in chicago.,3,5,3,2,3,4,5,2,5,5,2,3,3,3,4,2,3,2,3,3,3,2,3,4,3,3,3,3,3,3,2,3,2,2,3,3,3,3,3,3,5,3,3,2,3,4,3,1,3,2,2,5,5,3,4,5,3,3,3,4
my back hurts chronically. i am an old soul. i tend to work myself up. i am passionate about a lot of things. i just want my voice to be heard.,2,5,2,2,3,4,5,2,4,5,3,3,3,3,4,3,3,3,4,5,2,2,3,2,3,2,3,2,2,3,3,4,2,4,4,4,3,4,3,5,2,3,4,2,3,4,3,2,2,3,2,4,4,3,3,4,3,3,4,4
i love chocolate cake with extra frosting. i play guitar. i am a michigan state trooper. i have two siberian huskies.,3,4,3,3,3,4,5,2,5,5,3,3,5,3,3,3,3,3,4,4,3,1,3,5,3,2,3,1,3,3,3,5,4,3,3,3,5,5,3,4,4,3,5,5,3,3,3,5,4,3,3,5,5,3,3,4,4,3,3,4
"my family loves me , but keeps their distance. i blame myself for all of my problems. if i m not drinking , i m thinking , which makes me uncomfortable. i am constantly drinking.",1,4,3,1,3,1,4,2,1,3,3,1,3,4,3,3,2,3,5,3,1,1,4,1,3,3,3,3,3,3,4,3,3,5,3,3,1,3,4,4,1,3,3,3,3,3,3,3,2,3,3,3,4,5,3,1,3,4,4,3
i work for a large hospital. i am a doctor. i live in a large home. boating is my favorite activity.,3,5,2,4,3,4,5,2,5,5,3,3,4,3,4,3,3,4,3,3,3,3,3,4,3,1,5,3,5,3,3,5,4,3,3,3,1,5,3,4,3,3,5,4,3,3,3,1,3,2,3,5,5,3,3,4,4,2,3,3
i have two dogs. i travel every year to disney world. i like to read true crime novels. i work as a secretary at an insurance agency.,2,4,2,4,3,2,5,2,3,5,2,3,4,3,3,3,3,4,3,3,2,2,3,4,3,3,4,2,5,3,3,4,4,2,3,3,1,4,3,3,2,3,5,4,3,2,3,1,2,3,2,5,4,3,3,2,3,2,2,3
my favorite fruit is an apple. i am a marathon runner. i like to swim. i prefer winter over fall.,2,5,2,4,3,4,5,1,5,5,3,2,4,3,4,3,3,4,3,3,3,1,3,4,3,1,3,2,4,3,3,5,4,3,3,3,1,5,3,4,5,3,5,4,3,2,3,1,5,2,3,5,5,3,3,4,3,2,2,4
i always put my left sock on first. i have a condition that prevents me from going to high altitudes. spiders scare the life out of me. my mother raised me by herself while working two jobs. i pray to god for my family every morning.,3,5,3,3,3,3,5,3,4,3,3,3,4,3,3,4,3,4,4,3,3,3,3,3,3,3,4,3,4,3,4,5,4,3,3,3,3,4,4,5,3,3,4,3,3,3,3,3,2,3,3,5,5,3,3,3,3,3,3,3
i have played since i was 4 years old. i recently discovered a new love for indian food. i am a violinist. my mother was a nurse. i am gong to adopt a dog very soon.,3,5,3,4,5,3,5,3,5,5,2,3,4,3,4,4,3,4,3,5,3,3,3,4,3,2,4,3,4,3,3,4,4,2,5,3,3,4,3,4,4,3,4,3,3,3,3,2,3,2,3,5,5,3,3,5,4,3,3,4
i went to law school. i am an excellent baker. everyone says my pecan pie is the best they have ever had. my landlord is raising my rent. i was born on christmas day.,3,4,2,4,2,4,5,2,4,5,3,2,4,3,4,3,2,4,3,3,3,3,3,4,1,3,3,3,5,2,3,4,4,3,4,3,3,5,3,4,3,3,5,4,3,3,3,3,3,2,2,5,5,3,3,4,4,3,3,4
my favorite sport is hockey. my mom is a painter. i start my senior year of high school next week. my best friend just moved away. i went to japan this summer.,4,4,2,4,2,4,5,2,4,5,3,3,4,3,4,3,3,4,3,4,2,3,3,3,3,2,4,3,3,2,3,4,4,2,4,3,3,4,2,4,4,3,4,3,3,3,3,2,2,2,2,5,4,2,3,4,4,3,2,4
i like to create websites. i try to find easy ways to make money. i really enjoy reading the news. i love new technology.,2,3,2,4,3,3,5,2,4,5,3,2,3,3,5,3,3,5,2,3,3,2,2,3,3,2,3,2,3,1,3,4,4,2,3,3,3,5,3,3,4,3,4,3,3,2,3,1,3,2,1,5,5,3,3,5,3,2,3,5
i wish i had money to travel. i have an iq of 250. my parents died in a plane crash. i live alone with my dog.,3,5,3,3,3,3,5,2,3,5,3,3,4,3,5,3,3,4,3,3,3,3,3,3,3,3,3,3,3,3,3,4,4,3,3,3,3,4,4,5,3,3,4,4,3,3,3,3,2,2,3,5,5,3,3,3,3,3,3,5
i have black hair. i am a cheerleader. i am 21 years old. i enjoy the outdoors. i live on a ranch.,4,5,2,4,3,3,5,3,5,3,3,3,4,3,3,3,3,3,3,3,3,3,2,5,3,1,3,3,3,3,2,5,4,3,3,3,3,5,2,3,4,3,4,3,3,3,3,2,2,3,2,5,5,3,3,5,3,2,3,3
i like to listen to music. i have a boxer dog. my father lives in china. i like baths. i like to exercise.,3,5,3,4,3,3,5,4,3,3,3,3,3,3,3,3,3,3,3,4,3,3,3,3,3,4,3,3,3,3,3,4,4,3,3,3,1,3,3,3,4,3,4,3,3,3,3,1,3,2,3,5,3,3,3,4,3,3,3,3
i hate red meat. i love watching sunsets. my hair is brown and curly. i live near the ocean. i love to surf.,3,5,3,4,3,3,5,3,5,5,3,3,5,3,3,3,3,3,3,3,3,3,3,4,3,3,3,3,3,3,3,5,3,3,5,3,3,4,3,5,4,3,3,3,3,3,3,1,3,3,3,5,4,3,3,4,4,3,3,4
i like to watch tv. i make 30k a year. i love mac and cheese. i like to sit on couch all day. i make cars for a living.,2,3,3,4,4,3,5,3,3,3,3,3,4,3,3,3,3,3,3,3,3,3,3,3,3,5,3,3,3,3,3,3,3,3,3,3,3,3,3,3,2,3,4,3,3,3,3,1,3,2,3,4,4,3,3,3,3,3,3,3
i earn passive income that no one knows about. my dreams are often bizarre. i go surfing any chance i get. i could never be locked down to one partner. my favorite band is the muggers.,2,3,3,4,3,3,5,3,3,5,3,2,2,3,1,3,2,2,3,5,3,3,3,3,3,2,3,3,3,3,3,3,2,3,3,3,3,3,3,4,4,3,2,3,3,3,3,2,3,2,3,3,3,3,3,4,3,3,3,5
"i enjoy karaoke every friday night. i am allergic to apples yet still eat them. i am a sixth grade teacher. i enjoy crosswords , crocheting , and football. i coach the girls volley ball team.",4,5,2,4,3,3,5,2,4,5,3,2,4,3,4,3,3,4,3,4,3,3,3,4,3,2,4,2,5,3,3,5,4,3,4,3,1,4,3,4,4,3,5,4,3,4,3,3,3,2,3,5,5,3,4,4,4,2,3,4
i wear dingy clothes. i have often been called a slacker. i am a weirdo. i have blue and orange hair. i ride a skateboard.,2,3,4,3,3,3,4,4,4,5,3,3,1,3,4,3,3,1,3,4,3,3,4,4,2,3,3,2,3,3,4,3,1,3,3,3,3,1,3,4,2,3,1,3,3,3,3,3,3,3,3,3,1,3,3,3,3,3,3,5
i play tabletop games with friends. i need to use an inhaler sometimes. i love rpg computer games. i still live at home.,2,4,3,4,3,2,5,2,4,4,3,2,4,3,4,3,2,3,3,3,3,2,3,3,3,3,4,3,4,3,3,4,3,2,3,3,1,3,3,4,3,3,4,3,3,3,3,3,3,2,3,4,4,3,3,4,4,2,3,4
i m allergic to shellfish. my favorite food is cheese. i like horseback riding. i work at a non profit that helps children.,3,5,2,4,3,3,5,3,5,5,3,3,4,3,3,3,3,4,3,3,3,2,3,4,3,2,5,2,4,3,3,5,4,3,3,3,1,5,3,4,3,3,5,4,3,3,3,1,3,3,3,5,5,3,4,4,4,2,3,4
i like victorian things. i like jazz. i collect dolls. i am a romantic. i like antiques.,2,5,3,3,2,3,5,2,5,4,3,3,5,3,3,3,3,4,3,5,3,1,3,4,3,3,3,3,3,3,4,5,4,3,5,3,1,4,3,5,2,3,4,2,3,3,1,1,3,2,3,5,5,3,3,4,4,3,3,3
i am on a low carb diet. i am trying to become a male model in hollywood. i recently had a private lunch with will ferrell. i overcame urinary cancer at age 18. i am a huge fan of classical jazz.,3,5,2,4,3,3,5,2,5,5,3,2,5,3,4,3,3,4,3,5,3,1,3,5,3,2,3,2,4,3,2,5,4,2,5,3,3,5,3,4,4,3,4,4,3,3,3,3,3,2,2,5,5,3,3,5,4,2,2,4
i live in nashville. i work in academia at a local university. i play music in my spare time. i like to go to the farmers market every weekend. i am committed to the environment.,2,4,2,4,2,3,5,2,4,5,2,2,4,3,4,3,3,4,2,5,3,2,2,4,4,2,4,2,4,1,3,4,4,3,4,3,1,4,2,4,3,3,4,3,3,2,3,1,3,2,2,5,5,2,2,4,4,1,2,4
my husband works for the government. i like going on walks. i run a small bakery. i love to laugh. i have a son.,4,5,3,4,3,3,5,2,5,4,2,3,4,3,3,2,3,4,3,3,3,5,3,4,3,2,4,2,4,2,3,4,4,2,3,3,1,4,3,4,4,3,4,3,3,3,1,1,4,2,2,5,4,3,3,4,4,2,2,4
i like to play sports and get fresh air. i have been in 2 car crashes in my life. food and water are essential to me in life. i like watching tv in my free time as well. i am going to school to get a degree now.,3,4,2,4,3,3,5,2,4,4,3,2,4,2,3,3,3,3,3,3,3,2,3,3,2,2,3,2,3,3,2,4,3,2,3,3,2,4,2,3,4,2,4,3,2,3,3,2,2,2,2,4,4,2,3,4,3,2,2,3
"i am 5 3 an love movie time. i am a true believer in god first. i am a fitness guru. i am a carefree , unloving , free spirited person.",2,4,2,4,3,2,5,1,4,3,3,2,2,2,4,3,3,2,2,3,2,1,3,4,2,2,4,2,4,2,3,4,2,2,3,3,3,4,3,4,4,3,3,2,3,2,3,1,5,3,2,4,4,2,3,4,4,3,2,4
i am a lover of italian food. my favorite band is iron maiden. my father has a very prestigious job. i enjoy making d models for video games and animations.,2,3,2,4,3,3,5,2,4,5,3,2,4,3,4,3,3,4,3,4,3,2,3,4,3,2,3,3,3,1,3,4,4,3,5,3,1,4,3,4,3,3,4,3,3,3,3,1,3,2,2,5,5,3,3,4,3,3,3,4
"i am a sixth grade teacher. i enjoy karaoke every friday night. i am allergic to apples yet still eat them. i coach the girls volley ball team. i enjoy crosswords , crocheting , and football.",4,5,3,4,3,3,5,1,4,5,3,2,5,3,4,3,3,4,3,3,4,1,3,4,3,2,4,2,5,3,3,5,4,3,4,3,1,4,3,4,4,3,5,4,3,4,3,1,3,3,3,5,5,3,3,5,4,2,3,4
my father is a retired police officer. i have bowled a 300 game twice in my life. i like to build furniture. i have been held hostage in a store robbery situation. i clean houses for extra money.,3,5,2,4,3,4,5,2,5,4,3,2,5,3,4,3,3,5,4,3,3,1,3,4,3,2,3,2,5,3,3,5,4,2,3,3,3,5,3,4,3,3,5,5,3,3,3,1,2,2,3,5,5,3,4,3,3,3,3,4
i like to wear red. i use red lipstick. i like to wear red shoes also. i drive a red car. i wear a red purse.,3,3,3,3,3,4,5,3,3,3,3,1,3,3,3,3,3,3,3,3,3,3,3,4,3,3,3,3,3,3,3,3,4,3,4,3,3,3,3,3,4,3,3,3,3,3,3,1,3,3,1,3,3,1,3,4,3,3,3,3
"i like to play soccer. i am seven years old. and , my best friend is cayden. i just got my rejection letter from the gifted program.",3,5,3,2,3,3,5,3,3,3,3,3,3,3,3,3,3,3,3,3,3,2,3,3,3,2,3,3,3,3,3,4,3,2,3,3,3,3,2,3,5,3,3,3,3,3,3,1,2,2,3,3,4,3,3,4,3,3,3,3
favorite band is red hot chilli peppers. i love cold weather. i work two jobs as a cashier. i love non gmo foods. i love dark clothes.,2,4,2,3,3,3,5,2,3,4,3,2,4,3,3,4,2,3,3,5,3,1,3,4,3,3,3,3,4,3,4,4,3,3,4,3,1,5,3,4,2,3,5,3,3,2,2,1,3,2,2,5,4,3,3,3,3,2,3,4
as long as i have a cup of coffee in my hand i am a happy person. i listen to pink when i am painting. my wife makes the best pasta. it takes me an hour to drive to work in the morning.,3,5,3,4,3,3,5,2,3,5,3,2,5,3,3,3,3,4,3,5,3,1,3,4,3,3,3,3,3,3,3,4,3,2,5,3,1,4,1,4,3,3,4,3,3,3,2,1,3,2,2,5,4,1,3,4,4,3,2,3
my favorite book is jane austins pride and prejudice. i like going barefoot. my sister is a guitarist. i can knit.,3,5,3,3,3,3,5,3,3,5,3,3,4,3,3,3,3,3,3,5,3,1,3,4,3,3,3,3,3,3,4,4,4,3,4,3,3,3,3,4,3,3,4,3,3,3,3,2,3,3,3,5,4,3,3,3,4,3,3,3
playing quake on slackware linux makes me happy. i have three dogs and two cats. i like to use a lot of exclamation marks when i type. i live in chicago.,3,5,2,3,3,4,5,3,5,5,2,2,4,3,4,3,3,2,3,4,3,3,3,4,3,2,3,3,3,3,3,4,2,3,3,3,2,4,3,3,4,3,4,3,3,4,3,2,3,3,3,5,5,3,3,5,4,3,3,5
i am in love with a girl who is unaware of it. i really wanted to be an actor. both of my parents are doctors. i am in medical school.,3,4,2,3,4,3,5,2,4,4,3,3,4,3,4,3,3,4,3,3,2,1,3,2,3,3,3,2,3,2,4,4,3,3,4,3,3,4,2,4,3,3,4,3,3,3,3,2,2,2,3,4,5,3,3,4,3,3,2,3
i just started college. i work part time in the campus library. i am living at home but hope to live in the dorms next year. i have 3 science classes.,2,4,2,4,3,2,5,2,4,5,2,2,4,3,4,3,2,4,2,3,2,2,3,3,3,2,3,2,3,3,4,4,4,2,3,3,3,4,2,3,4,3,4,3,3,2,3,2,2,2,2,5,4,2,3,4,3,2,2,3
my favorite band is imagine dragons. i work many hours. i like basketball. i m from texas. i am a father.,3,4,2,4,3,3,5,2,5,4,3,3,4,3,4,3,3,4,3,4,3,2,3,3,3,2,3,3,3,3,3,5,4,3,4,3,1,5,2,4,4,3,5,4,3,3,3,2,3,2,3,5,5,3,3,3,4,2,2,4
i have a strange obsession with pens. i enjoy writing for long periods of time. i wish i did not have to work. i wish i made more money.,1,3,2,4,2,3,5,2,3,5,3,2,4,3,4,3,1,4,3,5,3,1,3,3,2,3,3,2,3,3,4,4,4,3,4,3,1,4,3,4,3,3,4,3,3,3,3,1,3,2,1,4,4,3,3,4,3,3,3,5
i help around with bookkeeping and tours. sometimes i volunteer at an urban farm. i am vegan. i work at the grocery store.,3,5,2,4,3,3,5,2,4,5,3,3,4,3,4,3,3,5,3,3,3,1,3,3,3,2,4,2,3,3,3,5,4,3,3,3,1,4,3,4,3,3,5,4,3,2,3,1,3,3,3,5,4,3,3,3,4,1,3,3
i love to hunt. my favorite color is blue. my mother was a piano teacher. i grew up in the deep south.,3,3,3,3,4,4,5,2,5,4,3,3,4,3,3,3,3,3,3,3,3,2,3,3,3,1,3,3,3,3,3,4,3,3,3,3,1,5,3,4,4,3,5,4,3,3,3,1,3,3,3,5,4,3,3,4,3,3,3,3
i like the tv show the walking dead. i like to hunt. i love the tigers baseball team. i am thin.,1,3,3,3,3,3,5,1,3,3,3,2,4,3,3,3,2,3,3,3,3,1,3,4,2,2,3,3,3,3,3,4,3,2,3,3,1,5,2,3,3,2,4,3,3,2,3,1,3,1,2,5,4,3,3,4,3,3,3,3
i am single and not looking. my favorite subject in school was science. pizza is my favorite food. my mom is a cancer survivor. my favorite hobby is reading suspense novels.,2,5,2,4,3,3,5,2,5,5,3,3,4,3,4,4,3,4,3,3,3,2,3,4,3,3,3,2,4,3,4,4,4,2,3,3,1,5,3,5,2,3,5,4,3,2,3,2,4,3,2,5,4,3,3,3,4,3,3,4
my father died when i was 2. i hate to lose. i love fishing. my favorite season is spring.,2,5,2,4,3,3,5,2,4,4,3,2,4,3,4,3,2,3,3,3,2,1,3,3,3,2,3,2,3,3,3,4,3,2,3,3,2,4,3,4,3,3,4,3,3,2,2,2,3,3,3,4,4,3,3,4,3,2,3,3
my favorite food is mushroom ravioli. i speak fluent french. my mother works at a bank. i work in an animal shelter.,3,5,3,4,3,3,5,2,5,5,3,3,4,3,3,3,1,4,3,3,3,2,3,3,3,3,3,3,3,3,3,5,4,3,3,3,1,4,3,4,3,3,5,4,3,3,3,1,3,2,3,5,5,3,3,3,5,3,2,3
i just graduated high school. my favorite season is summer. i love tacos but hate spaghetti. i am headed to university of michigan in the fall. i want to be a doctor when i graduate.,4,5,2,3,3,4,5,2,5,5,3,2,4,2,3,3,3,4,3,3,3,2,3,3,2,2,3,2,3,2,3,5,4,3,3,3,1,4,2,4,4,2,4,4,3,3,3,1,3,2,2,5,5,3,3,5,4,3,2,4
i am a nurse and work in an emergency room at a busy hospital. i am buying a house. i am single. i paddle board on my days off. i play the piano.,3,5,2,4,3,4,5,2,4,4,3,2,4,3,4,3,3,4,3,4,2,3,2,4,3,2,3,2,4,3,3,5,4,2,4,3,1,5,2,4,4,2,5,4,3,3,3,2,3,2,2,5,5,2,3,4,3,2,3,3
i hate broccoli. rock music is my favorite. i am afraid of the dark. my mom is my best friend.,3,3,3,3,4,3,5,3,3,3,3,3,4,3,3,3,3,3,3,4,3,2,3,4,3,3,3,3,3,3,3,4,3,3,3,3,2,4,3,5,4,3,4,3,3,3,3,2,3,2,3,5,4,3,3,3,4,3,3,4
i moved to ny to study in a prestigious designing school. since young i ve loved fashion. my inspirations are alexander mcqueen and coco chanel. i love to go shopping and inspire myself in stylish stores. my desire is to becom a fashion designer.,3,3,2,3,2,4,5,2,4,4,3,2,3,3,4,3,3,3,3,5,3,3,2,4,3,2,3,2,3,2,3,3,3,2,5,3,3,3,3,3,4,3,3,3,3,3,3,1,3,2,3,4,5,3,3,5,3,3,3,4
i have a pet husky. i live in the great white north. i love to eat fish. i like to race rc cars.,3,4,3,4,3,3,5,2,5,4,3,3,4,3,3,3,3,3,3,3,3,2,3,3,3,2,3,3,3,3,3,4,2,3,3,3,3,3,3,3,5,3,4,3,3,3,3,2,3,2,3,5,4,3,3,4,3,2,2,3
i teach a yoga class. i enjoy nature. my favorite food is salad. my mother was a teacher.,3,5,2,5,3,3,5,2,5,5,3,2,4,3,3,3,3,3,3,3,3,1,3,4,3,2,3,2,3,3,3,5,4,3,5,3,1,3,3,3,3,3,4,3,3,3,3,1,3,2,3,5,5,3,3,4,3,2,3,3
i am 19 years old. i am a huge fan of baseball. i am going to be the starting shortstop. i recently made the college baseball team.,4,3,2,4,3,4,5,2,5,3,2,2,4,2,4,2,2,3,3,1,4,2,2,4,3,1,3,2,4,2,2,4,3,2,3,3,2,4,2,3,5,2,4,4,2,3,3,1,3,2,2,4,5,3,3,5,4,2,2,3
i can t go a single day without eating ice cream. i once ran the mile in under 4 minutes. my favorite activity is fishing. my dad was a cop until he was killed. my favorite thing to do is float the river.,3,5,3,4,3,3,5,2,5,4,3,2,3,3,3,3,2,3,3,3,3,2,3,3,3,2,3,3,3,3,3,5,3,3,3,3,2,4,3,4,3,3,4,3,3,3,3,2,3,2,3,5,4,3,3,4,3,3,3,3
i have a tattoo of an angel on my hip. my eyes are brown. i love going to concerts. i m a vegan.,3,5,3,3,3,3,5,2,3,3,3,2,3,3,3,2,3,3,2,4,3,3,3,4,3,2,3,2,3,3,2,4,3,3,5,3,3,3,2,5,4,3,4,3,3,3,3,1,3,3,3,5,4,2,3,4,3,3,2,3
i have never lost a fight. i am in a motorcycle club. i am a grown woman. i have more then 10 tattoos.,3,2,2,4,3,5,5,2,2,3,3,2,4,3,3,2,2,3,3,3,5,1,2,5,2,2,2,3,4,3,1,3,2,2,3,3,2,4,2,3,4,3,4,4,3,2,3,2,4,2,2,3,1,1,3,3,2,2,2,3
i have traveled overseas many times. my mother is a well known celebrity. i am a civil war reenactment participant. i have been on the tv news six times. i like to make short films.,4,3,2,3,3,4,5,2,4,5,2,3,3,3,3,2,3,3,3,3,3,2,3,3,2,2,3,3,3,3,2,3,3,3,4,3,3,3,3,4,3,3,4,3,3,3,3,2,3,2,3,5,5,3,3,4,3,3,3,4
i like toyota cars. i like to vote. someday i would like a truck. i don t like working long hours. i work at a hospital.,3,3,3,3,3,3,5,2,3,3,3,3,4,3,3,3,3,3,3,3,3,3,3,4,3,3,3,3,3,3,3,5,3,3,3,3,3,4,3,3,3,3,4,3,3,3,3,1,3,3,3,5,2,3,3,3,3,3,3,3
i have one cat. i am short. my hair is brown. i like to sew. i am not thin.,3,3,3,3,3,3,5,2,3,3,3,2,3,3,3,3,3,3,3,3,3,3,3,3,3,3,3,3,3,3,3,3,3,3,3,3,3,3,3,3,2,3,3,3,3,3,3,2,3,2,3,3,4,3,3,3,3,3,3,3
i work in marketing for a large company. i like to try different beers from various countries. i like to work on cars. my favorite music genre is classic rock.,4,3,2,4,3,3,5,2,4,5,3,2,4,3,4,3,3,3,3,4,3,3,3,4,3,2,3,2,4,2,2,4,3,3,4,3,3,4,3,4,4,3,4,4,3,3,3,1,3,2,3,5,4,3,3,4,4,3,3,4
i eat meat. i used to work at a factory making boxes. i used to travel the usa playing guitar. i recently started to work online. my favorite band is the story so far.,2,2,3,4,2,3,5,2,3,3,3,3,3,3,3,3,2,2,3,4,2,2,3,3,2,2,3,3,3,3,3,3,2,3,4,3,2,4,3,3,3,3,3,3,3,3,3,2,3,2,2,5,5,3,3,4,3,2,3,3
i have a shopping addiction. i don t like when people get too close to me. i love the forest. i don t like being asked a lot of questions.,1,3,3,2,3,3,5,3,3,3,3,3,3,3,3,4,2,3,4,3,3,3,3,2,4,3,3,3,3,3,5,3,3,3,3,3,2,3,3,5,3,3,3,3,3,3,3,3,3,3,3,3,3,3,3,3,3,3,3,3
i am a 30 year old male. i work nights now and like my job. i have two dogs. i just finished training as a security guard.,2,3,2,4,4,4,5,2,4,3,3,2,4,3,3,3,2,4,3,2,3,2,2,4,3,2,3,2,4,3,2,4,4,2,2,3,2,4,2,3,2,3,5,4,3,2,3,2,4,2,2,4,5,2,3,4,3,2,2,2
i ride horses. i like to ride motorcycles. i try to limit how much meat i eat for health reasons. i collect vintage cars. i have many homes.,3,3,3,3,3,3,5,2,3,5,3,3,4,3,3,3,3,3,3,3,3,3,3,4,3,1,3,3,3,3,3,5,3,3,4,3,3,4,3,4,4,3,4,3,3,3,3,1,3,3,3,5,5,3,3,3,3,3,3,3
i love photography. i don t like waking up early. i enjoy spending a lot of money on my hobbies. i like to use candles instead of lights. i love the sound of the rain.,2,4,3,3,2,2,5,2,3,4,2,2,3,3,3,4,2,3,3,4,2,2,2,3,2,2,3,3,3,2,4,3,2,2,4,3,3,2,3,4,2,3,3,3,3,2,3,1,3,2,2,5,4,3,3,3,3,2,3,3
i am a business man. i love to sing. i am a karate black belt. my wife has terminal cancer. i have 3 children.,3,5,2,2,2,4,5,2,4,3,3,2,4,3,3,2,2,4,4,3,4,2,3,3,3,2,4,2,3,3,2,4,4,3,3,3,2,5,4,4,3,3,5,3,3,2,2,2,3,2,2,4,5,2,3,4,3,3,2,4
my favorite color is black. i do not like pickles. my favorite tv show is rick and morty. i own an iphone.,3,3,3,3,3,3,5,3,3,4,3,3,3,3,3,3,3,3,3,3,3,1,3,3,3,3,3,3,3,3,3,5,4,3,3,3,1,5,3,5,3,3,4,3,3,3,3,1,3,2,3,5,4,3,3,3,3,3,3,5
i once drove a car ! my friend told me what to do while i drove. i have a job as a dj at a radio station. i am blind. i have many friends. i use a cane to help me get around.,5,5,3,3,3,3,5,3,5,5,3,3,3,3,5,3,3,3,3,5,3,3,3,3,3,3,3,3,3,3,3,5,3,3,3,3,3,3,3,4,3,3,3,3,3,3,3,3,3,3,3,5,5,3,3,3,5,3,3,3
my favorite color is green. i work at mcdonalds. my name is gerald. i like basketball.,3,3,3,3,3,3,5,3,3,3,3,3,4,3,3,3,3,3,3,3,3,3,3,3,3,3,3,3,3,3,3,4,3,3,3,3,3,3,3,3,3,3,5,3,3,3,3,2,3,3,3,5,4,3,3,3,3,3,3,3
my favorite food is anything italian. i love most music except country and jazz. my favorite book that i have read lately is middlesex. my favorite tv shows are forensic files and jeopardy. i am a gym rat that loves to play racquetball.,3,3,2,3,2,3,5,1,4,5,3,2,4,3,3,3,3,3,3,3,3,3,3,4,3,1,3,3,4,2,3,3,3,2,3,3,3,4,3,3,4,3,4,3,3,2,3,1,3,2,2,4,4,3,3,4,3,3,3,3
i m a student living at home while pursuing my music industry degree. i dream of playing music for a living. my dad works in the automotive industry. both my parents are creative.,4,4,2,4,3,3,5,2,4,4,3,2,4,3,4,3,3,2,3,5,2,2,3,4,3,2,3,3,3,2,3,4,3,2,5,3,3,4,2,4,4,3,4,3,3,3,3,2,3,2,3,4,5,3,3,4,4,3,3,4
i am a soccer player. i joined a new team last month. nike cleats are my favorite. my number is 42. i am a goalie.,2,3,2,3,3,3,5,2,4,3,2,2,4,3,3,3,2,3,3,3,3,3,2,4,3,1,3,3,3,3,2,4,3,2,3,3,3,5,3,3,4,3,4,4,3,2,3,1,3,2,2,4,5,1,3,4,3,3,2,3
i don t much like tv. i love animals. i love to watch ted talks. i love to walk in the woods. i like to stay fit.,3,5,2,5,3,3,5,1,4,5,3,2,4,3,3,4,3,3,3,3,3,1,3,4,3,1,3,3,4,3,4,4,4,2,3,3,3,4,3,4,4,3,4,4,3,3,3,1,3,2,3,5,4,3,3,4,4,1,3,4
i am a 30 year old female. i have 3 dogs and 2 cats. i work as a vet. i like to ride my bike. i am a vegan.,3,5,2,4,3,4,5,2,5,5,3,3,4,3,4,3,3,4,3,3,3,2,3,4,3,2,4,3,4,3,3,5,4,2,3,3,3,4,3,4,4,3,5,4,3,3,3,1,3,2,2,5,5,3,3,4,4,1,3,3
i drive a nice car. i work all the time. i take pride in my job managing the restaurant. my family is very important to me. my brothers work with me.,3,3,2,2,3,4,5,1,4,3,3,2,4,3,3,3,3,4,3,3,4,1,3,4,3,2,3,2,4,3,3,4,4,2,3,3,1,5,3,3,3,2,5,4,3,3,3,1,3,2,3,5,5,3,3,4,4,2,2,3
i have trouble getting motivated. i slack off on my homework. i m a hopeless romantic. i have bad luck with relationships. i daydream during work.,2,5,4,2,3,2,5,4,2,3,4,3,2,4,2,3,3,2,3,3,1,3,4,2,3,4,3,2,3,3,4,3,1,3,5,3,3,1,4,4,1,3,2,2,3,3,3,2,3,2,3,3,1,4,3,1,3,4,4,3
my brother lives in england. i have a timeshare in mexico. my favorite food is sushi. my favorite tv show is friends. i own my own business.,4,3,3,3,3,3,5,2,4,5,3,2,5,3,4,2,3,4,3,3,3,2,3,4,3,3,3,3,3,3,3,4,4,3,3,3,3,4,2,4,3,3,4,4,3,3,3,1,3,2,3,5,5,3,3,3,3,3,3,4
i enjoy shopping online. i am a mother. i used to work for monsanto. i enjoy swimming. i read fantasy fiction novels.,3,4,2,4,3,3,5,2,4,4,3,2,4,3,4,3,3,3,3,4,3,2,3,3,3,2,3,3,3,3,2,4,3,2,3,3,3,4,2,4,3,3,4,3,3,3,3,2,3,2,3,5,4,3,3,3,3,3,3,3
"i recently moved to sweden. i enjoy hiking on glaciers. marduk is my favorite band. lutefisk is the best dish in the whole world. i always seem to be losing things , most recently , my mind.",3,3,4,2,3,3,5,2,3,4,3,3,2,3,3,3,2,1,3,4,3,3,3,2,3,2,3,4,2,3,3,4,1,3,4,3,3,2,3,4,3,3,2,3,3,3,3,3,3,2,2,4,4,3,3,5,3,3,3,3
i enjoy mystery flavour cake. i tend to aruge with myself more than i argue with myself. i believe i hear voices. i collect toys wearing little rain coats. i am lusting after the neighbour pool boy.,3,3,3,3,3,3,5,3,3,3,3,3,3,3,3,3,3,3,3,3,3,3,3,3,3,3,3,3,3,3,3,3,3,3,3,3,3,3,3,4,3,3,3,3,3,3,3,3,3,3,3,3,4,3,3,3,3,3,3,3
i like to go to the opera. i enjoy classical music. i love to vacation in paris. i am six feet tall.,3,3,1,3,1,3,5,1,4,5,2,2,4,3,3,3,3,2,2,5,2,1,2,4,2,2,3,2,3,1,2,3,3,2,5,3,3,3,3,4,3,2,4,3,3,2,2,1,3,2,1,5,4,1,2,3,3,3,3,3
i prefer to live where the weather s cold. i m really excited to see how game of thrones ends. i m deathly terrified of heights. winter s my favorite time of the year.,1,3,3,2,3,3,5,2,2,4,2,2,3,3,3,3,2,3,3,3,2,2,3,3,3,3,3,2,3,3,4,3,2,2,3,2,2,3,3,4,2,2,3,3,3,2,3,2,2,2,2,4,4,3,3,4,3,2,2,3
i sometimes spend too much money at the casino. i once met a man i still believe was a vampire. my favorite food is shrimp. my mom is a palm reader in new orleans.,3,3,3,3,3,3,5,3,3,4,3,2,3,3,3,3,3,3,3,3,3,3,3,3,3,3,3,4,3,3,3,3,3,3,3,3,3,3,3,4,3,3,3,3,3,3,3,2,3,3,3,5,4,3,3,3,3,3,3,3
i am a teacher. i drink coffee every day. i have a twin sister. i do yoga every morning. i love chocolate.,3,4,3,4,3,3,5,2,3,5,3,3,5,3,3,3,3,5,3,3,3,3,3,3,3,3,3,3,3,3,3,5,4,3,3,3,3,4,3,4,4,3,4,3,3,3,3,1,3,3,3,5,4,3,3,4,3,3,3,3
i also love orange juice. i like to watch tv. i am 10 years old. i love ham and cheese sandwiches. my name is arnold.,3,3,3,3,3,3,3,3,3,3,3,3,3,3,3,3,3,3,3,3,3,3,3,3,3,3,3,3,3,3,3,3,3,3,3,3,3,3,3,3,3,3,3,3,3,3,3,3,3,3,3,3,3,3,3,4,3,3,3,3
"i graduated with a business degree , and marketing is all that i really enjoyed. i like spending time with friends playing sports and going to country concerts. unfortunately , my family lives across the country from me. i am recent college graduate looking for a job in marketing.",4,4,2,4,3,3,5,2,4,3,2,2,4,3,4,2,2,3,2,2,2,2,2,3,2,2,3,2,3,2,2,4,3,2,3,2,3,4,2,3,4,2,4,3,2,4,2,2,2,2,2,4,4,2,4,4,4,2,3,4
i am a teacher. my dad worked for home depot. i like to work puzzles. i love country music. i am an aspiring fiction writer.,2,4,2,4,3,3,5,2,5,5,3,3,4,3,4,3,3,4,3,5,3,3,3,3,3,2,3,3,3,3,3,5,4,3,4,3,3,4,3,4,3,3,5,3,3,3,3,1,3,2,2,5,5,3,3,4,4,3,3,4
i work on trucks. i have a doberman. i am twenty five years old. my favorite food is pizza.,2,3,2,3,3,3,5,2,5,3,3,3,4,3,4,3,3,4,3,3,3,2,3,3,3,2,3,3,3,3,3,4,3,3,3,3,2,5,3,3,3,3,4,4,3,2,3,2,3,2,3,5,5,3,3,4,3,2,3,3
i have a daughter. i am a great cook. i am under 6 feet tall. i sell paper products for a living.,3,4,2,4,3,3,5,2,3,3,3,2,4,3,3,3,2,3,3,3,3,3,3,3,3,3,3,3,3,3,3,4,4,3,3,3,3,4,3,3,3,3,4,3,3,3,3,1,2,3,3,5,4,3,3,3,3,3,2,3
favorite color is green. i like cars. i got a new job. i like cats.,3,3,3,3,3,3,5,3,5,5,3,3,5,3,3,3,3,4,3,3,3,3,3,3,3,3,3,3,3,3,3,3,4,3,3,3,3,4,3,3,3,3,4,3,3,3,3,2,3,3,3,5,4,3,3,4,3,3,3,3
"i have six older sisters. i am an avid fan of the boston celtics. i love walking in the park. i work for a small , family owned restaurant. i love chocolate.",3,5,3,4,3,3,5,2,4,4,3,2,4,3,4,3,3,3,3,3,3,3,3,3,3,3,3,3,3,3,3,4,4,3,3,3,3,4,3,4,3,3,5,3,3,3,3,2,3,2,3,5,4,3,3,4,4,3,3,3
i am a fourteen year old living with my mom and grandparents. i am a girl who loves sports cars and video games. i like swimming. i only have three best friends. my favorite thing to do is research race cars in my free time.,2,3,2,2,3,3,5,2,3,5,2,2,3,3,4,3,2,3,2,1,2,2,3,3,3,2,3,2,3,3,3,4,3,2,2,3,2,3,2,3,4,2,3,3,3,2,3,2,3,3,2,3,4,3,3,4,3,2,2,4
i like to run. my favorite drink is coke. i like bagels with everything on them. i like to make cookies. i like to train dogs.,3,3,3,3,3,3,5,2,4,3,3,3,5,3,3,3,3,3,3,3,3,2,3,3,3,1,3,3,3,3,3,4,4,3,3,3,3,4,3,3,4,3,4,4,3,3,3,1,3,2,3,5,4,3,3,4,3,3,3,3
I like to garden. I like photography. I love traveling. I like to bake pies.,3,5,2,4,3,3,5,1,5,5,2,2,5,3,4,3,3,4,3,5,3,1,2,4,3,2,3,2,3,3,3,5,5,3,5,3,1,5,2,4,3,3,5,3,3,3,3,1,3,2,1,5,5,3,3,4,3,3,3,4
I’ve a beard. I graduated high school. I like rap music. I live on a farm. I drive a truck.,3,4,3,4,3,4,5,2,3,3,3,3,4,3,3,3,3,3,3,3,3,2,3,4,3,3,3,3,3,3,3,5,2,3,3,3,3,4,3,3,3,3,5,4,3,2,3,1,3,3,2,5,4,3,4,3,3,3,3,3
I blog about salt water aquarium ownership. I still love to line dry my clothes. I’m allergic to peanuts. I’ll one day own a ferret. My mom raised me by herself and taught me to play baseball.,3,5,3,4,3,4,5,2,5,5,3,3,5,3,5,3,3,4,3,3,3,2,3,4,3,2,5,2,4,3,3,5,4,2,3,3,1,5,3,4,4,3,5,4,3,3,3,1,3,2,3,5,5,3,3,4,4,2,3,5
Since young I ve loved to cook. I auditionated in a cooking show. I think I’ve talent for it. I took classes while growing up.,3,3,2,4,3,3,5,1,4,4,2,1,4,3,4,3,3,4,3,3,3,3,2,4,3,2,3,2,3,3,3,5,4,2,4,3,3,5,3,4,4,3,4,4,3,3,3,1,3,2,2,5,5,3,3,5,3,1,3,4
My name is tom. I try to watch what I eat. I enjoy eating italian food. Pizza is my favorite. I am east asian.,2,4,3,4,3,3,5,3,4,4,3,3,4,3,4,3,3,4,3,3,3,2,3,4,3,3,3,2,4,3,3,4,4,3,3,3,1,4,3,3,3,3,4,4,3,2,3,1,3,3,3,4,4,3,3,3,4,3,3,3
I live by a lake. I am a mother. I own a custom upholstery shop. I’m a wife.,3,5,2,4,4,3,5,3,5,4,3,3,4,3,4,3,3,4,3,4,4,2,3,4,3,2,5,2,5,1,3,5,4,3,4,3,1,5,3,4,3,3,5,3,3,3,3,2,3,3,3,5,5,3,3,4,4,2,3,4
I enjoy working out and learning new things. I’m a student in college. I’m studying software development. I play the guitar.,3,4,2,4,2,3,5,2,4,5,2,3,4,3,4,3,3,4,2,5,3,1,2,4,3,2,3,2,4,2,3,4,4,2,4,3,1,4,3,4,4,3,4,4,3,3,3,1,3,2,3,5,5,3,3,5,4,2,2,4
"I’ve three dogs at home. I hate to workout, but I need to. I am very good at the drums. I have a bicycle. I need to take my blood sugar everyday.",3,5,3,4,4,3,5,2,3,5,3,2,4,3,4,3,3,4,3,5,3,1,4,3,2,2,3,3,3,3,3,4,4,2,4,3,3,4,3,4,2,3,4,3,3,3,3,1,3,2,3,5,5,3,3,2,3,2,3,3
I work in advertising. My mother is dead. I like to hike. I’ve a golden retriever. I write fiction for fun.,3,4,3,4,3,3,5,3,4,5,3,3,4,3,4,3,3,4,3,5,3,3,3,3,3,2,3,3,4,1,3,4,4,3,4,3,1,4,2,4,3,3,4,3,3,3,3,2,3,3,3,4,4,3,3,3,4,3,3,4
"I can never decide between a chili corn dog and a cheesy hot dog. I drive more than an hour each way to work. I prefer the night to the day, but I love sunshine. I am a grandparent at 44.",3,5,3,3,3,3,5,2,4,5,3,2,4,3,4,3,2,3,3,3,2,2,3,4,3,3,3,3,3,3,3,4,3,2,4,3,2,4,2,5,2,3,4,3,3,2,3,1,3,2,3,5,5,3,3,3,3,3,2,3
I like to smell my own farts. My beer gut is so huge i’ven T seen my feet in two years. I am from San Fransico. I am always the one who buys the beers. I like to place blame on other people even when I know it is my fault.,1,1,3,1,3,1,1,2,1,3,3,5,1,3,1,1,4,1,4,3,3,1,3,1,3,5,1,4,1,3,3,1,1,1,1,3,4,3,3,3,3,5,1,3,3,3,3,1,3,3,1,1,3,1,4,1,1,3,1,1
"I lived most of my life not knowing who Bob marley was. When I cut loose, I lose control. We help each other out in my family. I despise my boss. I work over 60 hours a week as a restaurant manager.",1,3,3,2,3,3,5,2,2,3,3,3,4,3,3,2,3,2,4,3,3,2,3,2,3,3,3,3,3,3,3,4,2,3,3,3,2,4,3,4,2,3,4,2,3,2,2,2,3,2,2,3,5,3,3,2,3,3,3,3
I prefer the simpler times. I like simple jokes. Some jokes go too far. I like the flintstones.,2,5,2,4,3,2,5,2,3,3,3,2,4,3,2,4,2,4,3,3,2,2,3,4,4,3,4,2,4,3,4,5,4,2,3,3,2,5,2,2,2,2,5,4,3,2,2,3,3,2,2,5,5,3,4,2,4,2,2,4
"It is my universe, and everyone else is just a character in it. I work as a dental assistant in a ritzy part of town. I’ve borderline personality disorder. At night, I party hard in the Atlanta club scene, and I never miss a music festival.",5,3,3,1,3,5,3,2,3,4,2,3,2,5,4,1,3,1,5,5,5,1,3,1,2,2,2,2,1,3,1,1,2,2,4,3,3,4,3,5,5,5,2,1,3,4,3,1,2,2,1,3,5,3,3,5,2,5,5,5
I watch a lot of tv. I live alone. My favorite food is a cheeseburger. I enjoy fishing. I work on cars for a living.,2,4,3,4,4,3,5,2,4,4,3,3,4,3,4,3,3,3,3,3,3,2,3,4,2,2,4,2,3,3,3,3,3,2,3,3,2,4,3,3,2,3,4,3,3,2,3,2,3,2,3,4,4,3,4,2,3,3,3,4
I’m an animal rights activist. I hope to retire to Florida. I played in a band for 17 years. My mother and father are both in the church choir.,3,5,2,4,2,4,5,2,5,5,3,3,4,3,4,3,5,4,3,5,3,2,3,4,2,3,4,2,4,3,3,5,4,2,4,3,1,4,3,5,4,3,4,4,3,3,3,1,3,2,3,5,5,3,3,4,3,2,3,5
I’ve taken formal music lessons since I was 5. I’m a musician. My best friend is in a band with me. I wish I could spend more time at home.,3,4,2,4,2,3,5,2,4,5,3,2,4,3,4,3,2,4,3,5,3,2,3,4,3,3,3,2,3,2,4,4,4,2,5,3,2,5,2,4,3,3,5,4,3,2,3,2,3,2,2,5,5,3,3,4,4,3,3,4
I grew up in Kentucky. I’m a veteran. My favorite book is ender’s game. I have a garden. I like to read.,2,4,2,4,3,3,5,3,4,5,3,3,4,3,4,4,3,4,3,5,3,2,2,4,4,2,4,2,4,2,3,5,4,3,3,3,3,4,3,4,3,3,4,4,3,3,3,1,3,2,3,5,5,3,3,4,4,3,3,3
I am a vegan. I love country music. I love the beach. I like to read.,3,5,3,4,3,3,5,2,5,5,3,3,4,3,3,3,3,3,3,5,3,1,3,5,3,3,5,3,3,3,3,5,4,3,5,3,1,5,3,5,3,3,5,3,3,3,3,1,3,3,3,5,5,3,3,3,4,3,3,3
"I’ve depression and anxiety so I don’t really go out a lot. I work at home, editing. I have a cat. I hope to move out soon.",1,5,3,2,4,2,5,3,2,4,2,2,4,5,4,5,3,4,5,3,2,2,5,2,3,4,4,2,1,3,4,4,4,5,3,4,3,4,5,4,1,3,4,2,3,2,2,2,2,2,2,4,4,4,3,2,2,2,3,3
My favorite food is mushroom ravioli. I ve never met my father. My mother works at a bank. I work in an animal shelter.,3,5,3,4,3,4,5,3,3,5,3,3,4,3,3,4,3,4,3,3,3,3,3,3,3,3,3,3,4,3,3,5,4,3,3,3,3,4,3,4,3,3,5,4,3,3,3,3,3,3,3,5,5,3,3,3,4,3,3,3
I love kids and dogs. I like to go shopping with my daughters. I like to cook. I love to chat with my friends.,5,5,2,4,3,3,5,2,5,5,3,2,5,3,3,3,3,3,3,3,3,1,3,4,3,2,5,2,5,3,3,5,4,3,3,3,1,3,3,3,4,3,5,3,3,5,1,1,3,3,3,5,4,3,3,5,5,3,3,3
I swim often. I run track. I wear glasses all day. I take medication.,3,4,3,3,3,3,5,2,4,4,3,3,5,3,3,3,3,5,4,3,3,3,3,4,3,1,3,3,3,3,3,4,4,3,3,3,3,4,3,5,4,3,4,4,3,3,3,3,3,3,3,5,5,3,3,3,3,3,3,3
I like to go on long hikes. I like to play volleyball. I like to come up with new hairstyles. I like to do my nails.,3,4,2,4,3,3,5,1,4,4,3,2,5,3,4,3,1,3,3,4,3,1,3,4,3,1,4,2,4,3,3,4,4,2,4,3,1,4,3,5,4,3,4,3,3,3,3,1,3,3,1,5,4,3,3,4,4,3,3,5
I watch Jimmy Fallon s show every night. I have never kissed a woman. People notice how organized I am. I believe that I can achieve anything.,1,3,1,4,3,4,5,2,5,5,3,2,5,1,4,3,3,5,3,3,3,2,3,4,3,2,3,2,4,3,2,5,5,2,3,3,1,5,2,4,3,2,5,4,3,3,3,1,3,1,3,4,5,3,3,3,4,2,2,4
I drive a lifted Chevy truck. I played football in high school. I am a roofer. I always have a beer after work.,4,3,2,4,4,4,5,2,4,3,3,2,4,3,4,2,2,3,3,3,4,2,3,4,2,2,3,3,4,3,3,4,2,2,2,2,2,5,2,3,4,3,4,4,3,3,2,1,3,4,2,4,5,2,2,4,4,2,2,3
I love animals. My father worked for Ge. Green is my favorite color. I enjoy playing tennis. I’m an aspiring singer.,4,5,2,4,3,3,5,2,5,5,3,3,4,3,4,3,3,4,3,5,3,2,3,4,5,2,4,2,3,2,3,5,4,3,4,3,1,5,3,4,4,3,5,3,3,3,1,1,3,2,3,5,5,3,3,5,4,2,3,4
I try to watch what I eat. I enjoy eating italian food. Pizza is my favorite. My name is tom. I am east asian.,3,4,3,4,3,3,5,2,4,5,3,3,4,3,3,4,3,4,3,3,3,3,3,4,3,3,3,3,3,3,3,4,4,3,3,3,3,4,3,4,3,3,4,3,3,3,3,2,3,3,3,5,4,3,3,3,4,3,3,3
In allergic to peanuts. I like eating vegetables. I love the Beatles. I’m usually very shy. I have trouble getting along with family.,1,4,3,2,3,1,4,2,3,3,3,3,3,3,3,5,2,3,4,4,2,2,3,2,3,3,3,2,2,3,4,4,4,3,3,3,2,4,3,4,2,2,3,4,3,2,2,2,2,2,2,4,3,3,3,2,3,2,2,3
I go to high school. Math is my favorite subject. I live in the United States. I am a boy.,3,3,2,4,4,4,5,2,4,5,3,3,4,3,4,3,3,4,3,2,3,2,3,4,2,2,3,3,4,2,3,4,4,2,3,3,1,4,2,4,4,3,4,4,3,4,3,1,4,2,2,4,5,3,2,4,4,2,2,4
I have a job as an it agent. I like smoking weed. My dad works for stifle. I love rap music. I’m a meataholic.,3,4,2,4,3,4,5,2,4,4,3,2,4,3,4,3,2,4,2,4,3,2,3,4,2,3,3,2,3,2,3,4,3,2,3,3,2,5,2,4,3,3,4,4,3,3,2,2,3,2,2,4,4,3,4,4,4,2,2,4
I work in tv. I do not treat my girlfriend very well. I like to cook breakfast on sundays. I love to sing. I am a lesbian.,4,3,3,4,3,4,1,2,2,5,3,2,3,3,4,3,2,3,3,5,3,2,3,3,3,3,2,2,3,3,3,2,3,2,5,3,2,4,2,4,3,3,2,2,3,4,2,2,2,3,2,2,4,3,3,4,2,2,3,4
I work on semi trucks for a living. My father was a driver himself. I got off the road when I married my sweetheart. I want to take her on vacations one day. My motor never stops running.,3,4,2,2,3,4,5,1,5,4,3,2,4,3,4,3,3,4,3,3,3,3,3,4,3,4,3,3,4,3,3,4,4,3,3,3,1,5,3,4,5,3,5,4,3,3,3,2,4,2,2,5,5,3,4,5,4,2,3,4
I own a Iphone 7. I drink hot chocolate during the winter. I’m allergic to seafood. My mother use to read me bed time stories.,3,5,3,4,3,4,5,2,4,5,3,2,4,3,4,4,3,4,3,4,3,2,3,4,2,3,4,3,4,3,4,5,4,3,4,3,1,5,3,4,3,3,5,4,3,3,3,1,3,3,3,5,5,3,3,3,4,2,3,3
I am eighteen years old. I’m going to majoring in business. I just bought my first car. I received a full scholarship to Florida state university.,4,3,2,3,3,4,5,2,5,5,2,2,4,3,4,2,2,4,2,2,3,3,2,4,2,2,3,2,4,3,2,4,4,2,3,3,1,4,2,4,4,3,4,4,2,3,3,1,3,2,2,5,5,3,3,5,4,2,2,4
I live in a tiny house to save money. I collect single malt scotch. I listen to blues and jazz. I tend bar on the weekends. During the week I go to college to become a lawyer.,2,3,2,4,3,3,5,2,4,5,3,2,4,3,4,3,3,4,3,4,3,2,3,4,3,2,3,2,5,3,3,4,4,2,4,3,3,5,2,5,2,2,4,4,3,2,3,1,3,2,2,5,5,3,3,3,3,2,3,4
I love to go horseback riding whenever I can. I’m a mother of two beautiful boys. My family and I go camping every month. My favorite artist is Justin Bieber.,3,5,2,4,3,3,5,2,5,4,3,2,4,3,3,3,3,4,3,4,3,5,3,4,3,2,4,3,3,3,3,5,4,3,4,3,1,5,3,4,4,3,5,3,3,3,3,1,3,2,2,5,5,3,3,5,4,2,2,4
I especially enjoy listening to the band the lumineers. I enjoy reading and walking on sunny days. I’m a happy person. I sing many songs.,3,4,2,4,3,3,5,2,5,4,3,2,4,1,3,3,1,2,3,5,3,1,3,4,2,2,4,3,4,3,3,4,4,1,5,3,1,4,1,3,4,1,4,3,3,3,1,1,4,2,3,5,4,3,3,5,4,2,3,3
I play piano. My favorite color is yellow. My boyfriend is in the army. My father is dead. My hair is short.,3,5,3,3,1,4,5,3,5,4,3,3,4,3,5,4,3,4,3,5,3,2,3,4,3,3,3,3,3,3,3,5,4,3,5,3,3,4,3,5,4,3,5,4,3,3,3,2,3,3,3,5,5,3,3,3,4,3,3,3
I’m a mother. I’m a nurse at a hospital. My favorite band is the rolling stones. I love to read and cook. My favorite food is mexican food.,3,5,2,4,3,3,5,2,5,5,2,2,5,3,4,2,1,4,3,5,3,3,3,4,4,3,5,2,5,2,3,5,4,2,4,3,1,5,3,4,4,2,5,4,3,3,1,1,3,2,3,5,5,3,4,4,4,1,3,4
I deliver baked goods in the state where I live. My favorite hobby is playing recreational baseball. I spend my weekends camping. I’m a truck driver. My wife and two kids camp with me.,4,4,2,4,3,3,5,2,4,4,3,2,4,3,4,3,3,4,3,3,3,1,2,4,3,2,4,3,5,3,3,5,4,3,3,3,1,4,3,3,3,3,5,4,3,3,3,1,3,2,2,5,5,3,4,4,4,3,3,3
I am argentinian. I like to wear boots. I have many girlfriends. I like to eat beef. I like to ride horses.,4,4,3,3,3,3,5,3,3,3,3,3,4,3,3,3,3,4,3,3,3,2,3,4,3,3,3,3,5,3,3,4,4,3,3,3,3,5,3,4,4,3,5,3,3,3,3,1,3,2,3,4,5,3,3,5,4,3,3,3
I recently had a private lunch with will ferrell. I am trying to become a male model in hollywood. I’m a huge fan of classical jazz. I am on a low carb diet.,4,4,2,4,3,4,5,2,5,5,3,2,4,3,4,3,3,3,3,5,3,2,3,4,3,2,3,2,5,3,3,5,4,2,4,3,1,4,3,4,4,3,4,3,3,3,3,1,3,2,2,5,5,3,3,5,4,2,2,5
I want to put my photos to a music video staring Adam Levin. I want to travel the world taking photographs of my travels. I am a widow. I want to be a famous photographer.,1,5,2,2,1,4,5,1,5,5,3,2,4,3,5,3,1,3,2,5,3,1,3,3,3,2,3,2,3,2,1,4,3,2,5,3,3,4,3,4,4,2,4,3,2,3,1,1,3,2,1,5,5,1,3,5,4,2,2,5
I am in the army. I fly airplanes. I enjoy building computers. I dropped out of college.,2,3,2,4,4,4,5,1,4,5,2,2,5,3,4,2,2,4,3,3,5,2,2,4,2,2,4,2,4,2,2,5,4,2,2,3,1,5,3,4,4,3,5,5,3,2,2,1,4,2,2,4,5,1,4,4,4,2,2,4
I have three children. I live in the suburbs of a major city. I like to garden. I graduated college for secondary english education.,3,5,2,4,2,2,5,2,4,5,3,2,4,3,3,3,3,4,3,5,2,3,2,4,3,2,4,3,3,3,3,5,4,2,4,3,1,4,3,4,3,3,5,4,3,3,3,2,2,3,2,5,5,2,3,3,3,3,3,3
I play guitar in the local band. I live on a small farm in Ohio. I am the youngest of three brothers. I have never been to the city.,2,4,3,4,4,4,5,2,5,4,3,2,4,3,4,4,2,4,2,5,2,2,2,4,3,2,4,2,4,2,3,4,4,2,4,3,5,4,2,4,4,3,4,3,2,2,3,2,3,2,2,4,4,2,4,4,4,2,2,4
I’m a widow. I want to put my photos to a music video staring Adam Levin. I want to travel the world taking photographs of my travels. I want to be a famous photographer. I like taking pictures.,3,5,2,3,3,3,5,1,5,5,2,1,3,3,5,3,3,3,2,5,3,1,3,3,3,2,3,2,3,1,1,4,3,1,5,3,3,4,1,3,3,3,4,3,3,3,3,1,3,1,1,5,5,1,3,5,3,3,3,5
I still live at home with my parents. I play video games all day. I’m 32. I eat all take out.,1,4,3,2,3,1,4,5,3,3,3,3,2,3,3,3,2,2,3,3,1,1,5,1,3,5,3,2,3,2,4,3,1,3,3,3,2,1,3,3,1,3,1,3,3,3,2,2,3,2,3,4,3,4,3,2,3,5,3,3
My friend once bought me a car. I am disabled and cannot walk. I take vitamin c when I have a cold. I do not eat bread. My favorite season is winter.,1,5,3,3,3,3,5,3,3,4,3,3,5,3,4,3,1,4,3,3,3,3,3,4,3,5,4,3,4,3,3,5,4,3,3,3,3,4,3,5,1,3,5,4,3,1,3,1,3,2,3,5,5,3,3,3,4,3,3,3