,"I am someone who Is outgoing, sociable","I am someone who Is compassionate, has a soft heart",I am someone who Tends to be disorganized,"I am someone who Is relaxed, handles stress well",I am someone who Has few artistic interests,I am someone who Has an assertive personality,"I am someone who Is respectful, treats others with respect",I am someone who Tends to be lazy,I am someone who Stays optimistic after experiencing a setback,I am someone who Is curious about many different things,I am someone who Rarely feels excited or eager,I am someone who Tends to find fault with others,"I am someone who Is dependable, steady","I am someone who Is moody, has up and down mood swings","I am someone who Is inventive, finds clever ways to do things",I am someone who Tends to be quiet,I am someone who Feels little sympathy for others,"I am someone who Is systematic, likes to keep things in order",I am someone who Can be tense,"I am someone who Is fascinated by art, music, or literature","I am someone who Is dominant, acts as a leader",I am someone who Starts arguments with others,I am someone who Has difficulty getting started on tasks,"I am someone who Feels secure, comfortable with self","I am someone who Avoids intellectual, philosophical discussions",I am someone who Is less active than other people,I am someone who Has a forgiving nature,I am someone who Can be somewhat careless,"I am someone who Is emotionally stable, not easily upset",I am someone who Has little creativity,"I am someone who Is sometimes shy, introverted",I am someone who Is helpful and unselfish with others,I am someone who Keeps things neat and tidy,I am someone who Worries a lot,I am someone who Values art and beauty,I am someone who Finds it hard to influence people,I am someone who Is sometimes rude to others,"I am someone who Is efficient, gets things done",I am someone who Often feels sad,"I am someone who Is complex, a deep thinker",I am someone who Is full of energy,I am someone who Is suspicious of others’ intentions,"I am someone who Is reliable, can always be counted on",I am someone who Keeps their emotions under control,I am someone who Has difficulty imagining things,I am someone who Is talkative,I am someone who Can be cold and uncaring,"I am someone who Leaves a mess, doesn’t clean up",I am someone who Rarely feels anxious or afraid,I am someone who Thinks poetry and plays are boring,I am someone who Prefers to have others take charge,"I am someone who Is polite, courteous to others","I am someone who Is persistent, works until the task is finished","I am someone who Tends to feel depressed, blue",I am someone who Has little interest in abstract Ideas,I am someone who Shows a lot of Enthusiasm,I am someone who Assumes the best about people,I am someone who Sometimes behaves irresponsibly,"I am someone who Is temperamental, gets emotional easily","I am someone who Is original, comes up with new Ideas"
"very analytical, very curious, very reflective, very sophisticated and very imaginative",2,4,2,4,2,3,5,2,4,5,2,2,4,2,4,3,2,4,2,5,2,2,2,4,2,2,4,2,4,2,2,4,4,2,4,3,3,4,2,5,2,2,4,4,4,2,2,2,3,2,2,4,4,3,4,4,4,2,2,5
"analytical, curious, reflective, aesthetic and  emotionally aware",2,5,2,4,2,3,5,2,4,5,2,2,4,2,4,3,1,4,2,5,2,2,2,4,3,2,4,2,4,2,3,4,4,2,5,2,1,4,3,5,3,2,4,3,2,2,2,2,3,1,2,5,4,3,3,3,3,2,2,4
"a bit generous, a bit sympathetic, a bit cooperative, a bit trustful and a bit kind",4,4,2,4,3,2,5,2,4,4,2,2,4,2,4,3,3,3,2,4,2,2,2,4,2,2,4,2,4,2,3,4,4,2,4,3,2,4,3,4,4,2,4,4,2,4,2,2,3,2,2,4,4,3,2,4,4,2,2,4
"extremely uncreative, extremely artistically unappreciative, extremely uninquisitive, extremely unsophisticated and extremely predictable",3,5,4,5,5,4,5,4,1,2,5,3,5,5,1,3,2,5,4,1,2,1,4,4,5,4,4,4,5,5,4,4,5,4,1,4,1,5,3,1,3,3,5,4,5,5,2,4,5,5,5,5,5,4,5,2,3,2,3,5
"very socially conservative, very predictable, very unimaginative, very unintelligent and very emotionally closed",1,3,5,4,3,3,5,2,2,2,5,4,5,3,2,5,5,5,4,1,2,1,2,3,5,4,4,2,5,3,4,3,5,5,2,5,1,5,3,2,2,5,5,5,2,2,2,1,5,5,5,5,5,4,5,2,3,1,1,2
"neither patient nor irritable, neither happy nor depressed, neither at ease nor nervous, neither unselfconscious nor self-conscious, and neither level-headed nor impulsive",3,3,3,3,3,3,3,3,3,3,3,3,3,3,3,3,3,3,3,3,3,3,3,3,3,3,3,3,3,3,3,3,3,3,3,3,3,3,3,5,3,3,3,3,3,3,3,3,3,3,3,3,3,3,3,3,3,3,3,3
"a bit curious, a bit reflective, a bit analytical, a bit artistically appreciative and a bit imaginative",2,4,2,4,3,2,5,3,4,5,2,2,3,2,4,3,2,3,2,5,2,2,3,3,3,2,4,2,4,1,3,4,3,2,5,3,2,3,2,4,3,2,4,3,2,2,2,2,3,2,2,4,3,3,3,3,3,2,2,4
"gloomy, introverted, silent, unadventurous and  inactive",1,4,2,3,2,1,5,4,1,2,5,2,4,5,2,5,2,3,4,2,1,1,4,2,5,5,4,2,4,2,4,4,4,4,3,4,2,2,4,4,1,2,3,4,2,1,2,2,3,2,2,3,2,5,4,1,2,2,2,1
"kind, cooperative, humble, moral and  altruistic",3,5,2,4,3,2,5,2,5,4,2,2,4,2,4,3,1,4,2,5,2,5,3,4,3,2,5,2,4,2,2,5,4,2,4,2,1,4,3,4,3,2,5,4,2,2,1,5,4,4,2,5,4,3,3,4,5,1,2,4
"neither unadventurous nor adventurous and daring, neither gloomy nor cheerful, neither unassertive nor assertive, neither inactive nor active, and neither timid nor bold",3,3,3,3,3,3,5,3,3,3,3,3,3,3,3,3,3,3,3,3,3,3,3,3,3,3,3,3,3,3,3,3,3,3,3,3,3,3,3,4,3,3,3,3,3,3,3,3,3,3,3,3,3,3,3,3,3,3,3,3
"extremely introverted, extremely inactive, extremely timid, extremely unenergetic and extremely silent",1,4,2,4,3,1,5,4,2,3,5,3,4,3,2,5,3,4,4,3,1,1,5,3,5,5,3,2,3,3,5,4,3,4,3,3,1,1,3,4,1,3,4,4,3,1,3,2,2,2,5,4,3,3,3,1,3,2,3,3
"very self-disciplined, very thrifty, very responsible, very hardworking and very orderly",3,3,1,4,4,3,5,1,4,3,3,1,5,1,4,3,3,5,3,3,3,1,5,4,3,1,3,2,5,3,3,5,5,2,3,3,3,5,3,3,4,3,5,4,3,2,3,5,3,2,1,5,5,3,3,4,3,1,2,3
"very active, very energetic, very extraverted, very assertive and very adventurous and daring",5,3,1,2,2,5,5,1,5,5,1,1,2,1,4,1,1,2,1,4,4,2,1,4,2,1,4,2,4,3,1,4,2,1,3,2,1,5,1,3,5,1,3,3,2,5,1,1,5,2,1,3,5,1,2,5,3,2,1,5
"predictable, unreflective, unaesthetic, emotionally closed and  unintelligent",3,5,4,4,3,4,5,3,5,4,3,2,5,2,4,3,1,4,4,1,2,1,4,4,5,2,4,2,5,3,4,5,4,4,5,3,1,5,3,4,4,2,5,4,2,4,2,4,3,4,4,4,5,3,3,4,5,2,2,4
"a bit spontaneous, a bit imaginative, a bit artistically appreciative, a bit curious and a bit reflective",3,4,2,4,2,3,5,2,4,5,2,2,2,2,4,2,2,2,2,4,2,2,2,4,3,2,4,2,4,4,2,4,2,2,4,3,2,3,3,4,4,2,3,3,4,3,2,2,4,2,2,4,3,3,3,4,4,2,2,4
"discontented, tense, angry, depressed and  anxious",2,4,2,2,3,4,5,3,4,3,3,2,4,4,3,3,3,4,4,3,3,3,4,2,2,3,3,2,4,2,3,4,3,5,4,3,3,4,4,5,2,3,4,3,3,3,2,2,2,3,2,3,4,4,3,1,4,2,4,3
"extremely careless, extremely messy, extremely undisciplined, extremely negligent and extremely lazy",4,5,5,3,3,4,5,5,5,4,3,3,1,4,3,3,2,1,4,5,3,1,5,3,5,5,4,4,3,3,4,3,1,1,5,3,2,1,3,4,2,3,1,2,2,5,2,5,5,2,5,3,2,3,3,2,5,4,4,4
"very artistically unappreciative, very unaesthetic, very predictable, very emotionally closed and very unintelligent",1,3,4,4,5,4,4,4,1,3,3,3,4,3,2,4,3,4,4,1,2,1,4,4,5,4,4,3,5,5,4,4,4,4,1,4,2,5,4,2,3,3,4,5,4,1,3,4,4,5,5,4,4,3,5,2,3,3,2,2
"extremely self-conscious, extremely tense, extremely angry, extremely impulsive and extremely nervous",1,4,4,1,2,4,5,2,1,3,3,3,3,4,4,2,1,4,5,3,2,4,4,1,3,3,4,2,1,3,4,4,4,5,4,3,2,4,3,5,4,4,4,2,2,3,1,2,2,1,2,3,4,3,3,3,3,4,4,4
"a bit unselfconscious, a bit emotionally stable, a bit relaxed, a bit calm and a bit patient",3,3,2,4,3,3,5,3,4,4,3,3,4,3,4,4,3,4,3,4,3,2,3,4,3,3,4,2,4,3,3,4,4,3,4,3,3,4,3,3,2,3,4,4,3,3,3,2,4,3,3,4,4,3,3,3,4,2,2,3
"a bit extraverted, a bit talkative, a bit friendly, a bit energetic and a bit cheerful",4,4,2,4,2,4,5,2,4,5,2,3,3,3,4,2,3,2,3,4,3,3,3,4,2,2,4,2,3,2,1,4,4,2,4,3,2,5,2,3,4,2,4,3,3,4,1,3,4,2,2,5,4,3,3,4,4,2,3,4
"emotionally unstable, angry, impulsive, tense and  discontented",2,3,4,1,3,4,4,2,1,4,4,3,1,5,4,3,2,2,4,3,4,4,4,1,3,3,3,4,1,2,4,3,2,4,4,3,3,3,4,4,3,3,3,2,2,3,3,3,2,2,2,3,3,4,3,1,2,3,4,4
"a bit unsure, a bit impractical, a bit lazy, a bit disorganized and a bit negligent",2,4,4,3,2,2,4,4,3,3,3,2,2,3,2,3,2,2,3,3,2,2,4,3,3,4,4,4,2,3,3,3,2,2,3,3,2,2,3,4,2,3,2,3,3,3,2,4,3,2,4,3,2,3,3,2,3,4,3,3
"extremely moral, extremely generous, extremely altruistic, extremely agreeable and extremely honest",3,5,3,4,3,3,5,1,5,5,3,2,5,3,4,3,1,3,3,3,3,2,2,5,3,2,5,5,5,2,3,5,5,3,4,3,5,4,3,4,4,1,5,4,3,3,1,1,3,2,3,5,5,3,3,3,5,1,2,3
"a bit uncooperative, a bit self-important, a bit distrustful, a bit disagreeable and a bit immoral",2,2,2,2,3,4,3,4,2,3,3,4,2,3,4,3,3,2,3,3,4,4,4,2,4,2,2,2,2,3,4,2,2,2,3,4,4,4,3,3,3,4,2,3,2,2,2,2,3,4,2,2,3,3,4,2,2,4,3,4
"very undisciplined, very extravagant, very irresponsible, very lazy and very messy",4,4,5,4,2,4,5,4,3,5,2,3,2,4,4,3,2,1,3,5,3,3,5,3,2,4,4,4,3,3,3,4,1,2,4,3,2,2,3,4,2,3,2,2,3,5,3,4,4,2,5,4,2,3,3,4,4,4,4,4
"a bit agreeable, a bit sympathetic, a bit generous, a bit honest and a bit altruistic",4,4,2,4,3,2,5,2,4,4,2,2,4,2,4,3,2,3,2,4,2,2,2,4,2,2,4,2,4,3,3,4,4,2,4,3,2,4,3,4,3,2,4,4,2,3,2,2,4,2,2,4,4,3,3,4,4,2,2,4
"a bit gloomy, a bit silent, a bit timid, a bit unenergetic and a bit introverted",2,4,2,2,2,2,4,3,2,4,4,2,4,3,2,5,2,4,3,4,2,2,4,3,4,4,4,2,4,3,4,4,4,4,3,4,2,3,4,4,2,3,4,4,3,2,2,2,2,2,2,4,2,4,2,2,3,2,2,2
"neither unsympathetic nor sympathetic, neither immoral nor moral, neither disagreeable nor agreeable, neither selfish nor unselfish, and neither distrustful nor trustful",3,3,3,3,3,3,3,3,3,4,3,3,3,3,3,3,3,3,3,3,3,3,3,3,3,3,3,3,3,3,3,3,3,3,3,3,3,3,3,3,3,3,3,3,3,3,3,3,3,3,3,3,3,3,3,3,3,3,3,3
"a bit curious, a bit sophisticated, a bit analytical, a bit imaginative and a bit artistically appreciative",2,4,2,4,2,3,5,2,4,5,2,2,3,2,4,3,2,3,2,5,2,2,2,4,3,2,4,2,4,2,2,4,3,2,5,3,1,4,2,4,3,2,4,3,2,2,2,2,3,2,2,4,4,3,3,4,4,2,2,4
"very unaesthetic, very predictable, very uncreative, very unimaginative and very unreflective",3,4,4,4,5,4,5,4,5,5,3,2,4,3,2,4,2,4,4,1,2,1,4,4,4,4,4,3,5,4,4,4,4,4,1,3,1,5,3,4,3,3,4,4,4,1,2,4,3,4,4,5,5,4,4,3,4,2,3,1
"very unanalytical, very uninquisitive, very unreflective, very unsophisticated and very unimaginative",5,5,4,5,5,4,5,4,5,2,5,2,5,4,2,5,2,2,4,1,2,1,4,5,5,5,5,4,5,5,3,5,5,5,3,4,1,5,3,1,3,5,5,4,5,5,3,1,5,5,5,5,5,3,5,5,5,2,5,2
"very self-important, very stingy, very selfish, very unkind and very immoral",2,1,4,5,3,5,1,4,1,3,3,5,3,3,5,3,5,4,4,5,5,5,3,4,5,2,2,2,5,2,3,1,5,4,3,2,5,5,3,5,3,5,3,5,2,4,5,2,2,2,2,1,4,3,5,2,3,2,4,5
"very artistically appreciative, very aesthetic, very spontaneous, very emotionally aware and very intelligent",3,5,2,4,5,4,5,2,4,5,2,3,2,3,4,2,1,3,2,5,3,2,2,4,2,2,4,2,4,5,2,4,2,2,5,3,2,4,2,5,4,2,3,3,2,3,2,2,3,1,2,5,4,3,2,4,4,2,3,5
"a bit gloomy, a bit inactive, a bit introverted, a bit unfriendly and a bit unassertive",2,3,3,3,2,2,4,4,2,3,4,2,4,4,2,4,3,3,3,3,2,2,4,2,4,4,4,2,4,3,4,3,3,4,3,4,2,2,4,4,2,3,3,3,3,2,2,2,2,4,4,3,2,4,3,2,3,2,3,3
"extremely analytical, extremely reflective, extremely spontaneous, extremely intelligent and extremely aesthetic",2,4,2,4,2,4,5,2,4,5,2,2,3,2,5,3,2,4,2,5,3,2,2,4,2,2,4,2,4,3,2,4,4,2,5,3,2,5,3,5,4,2,4,4,2,2,2,2,4,2,2,4,4,3,3,4,4,2,2,5
"very active, very bold, very assertive, very cheerful and very energetic",5,3,1,2,2,4,5,1,5,5,1,1,3,1,4,1,1,2,1,4,4,2,1,4,2,1,4,2,4,2,1,4,4,1,5,2,1,5,1,3,5,1,5,3,3,4,1,1,5,3,1,4,5,1,3,5,4,2,1,5
"a bit stingy, a bit dishonest, a bit disagreeable, a bit unkind and a bit unsympathetic",2,2,2,3,3,4,3,2,4,4,3,3,4,3,4,3,4,4,3,3,4,3,4,4,4,2,3,2,4,3,3,2,4,2,3,3,2,5,3,4,3,4,4,4,2,2,3,2,4,4,2,3,4,3,4,2,3,2,3,4
"thorough, practical, responsible, self-disciplined and  thrifty",2,3,1,3,4,3,5,1,4,4,3,2,5,1,3,3,2,5,2,3,2,1,1,4,4,2,4,2,4,2,2,4,5,2,3,2,1,5,2,3,3,2,5,4,2,2,2,1,4,2,5,5,5,2,4,3,3,1,2,2
"very dishonest, very uncooperative, very self-important, very stingy and very unaltruistic",2,1,4,2,3,5,1,4,2,3,3,5,1,3,3,3,5,1,5,3,5,5,5,1,5,4,2,4,1,3,3,1,2,4,3,5,4,1,3,4,3,4,1,3,2,3,5,1,5,3,5,1,2,5,4,2,1,4,4,3
"very predictable, very unimaginative, very artistically unappreciative, very unsophisticated and very unintelligent",3,5,4,4,5,4,5,4,5,5,3,2,5,3,1,4,1,5,3,1,2,1,4,5,5,4,5,4,5,5,3,5,5,3,1,3,1,5,4,1,1,3,5,4,5,5,2,1,5,5,4,5,5,3,5,5,4,2,4,1
"a bit organized, a bit responsible, a bit practical, a bit thrifty and a bit self-disciplined",3,4,2,4,3,3,5,2,4,4,3,2,4,2,3,3,3,4,3,3,2,2,2,4,4,3,4,2,4,3,2,4,4,2,3,3,2,4,3,3,3,3,4,4,3,2,2,2,3,2,2,4,4,3,4,3,3,2,2,3
"disagreeable, dishonest, distrustful, selfish and  stingy",2,1,2,3,3,5,2,4,1,3,3,2,2,4,5,3,5,3,4,5,4,5,4,2,5,4,2,2,3,3,4,5,2,5,3,5,5,4,3,4,3,5,1,3,2,2,5,5,2,2,2,2,3,3,5,1,1,2,2,4
"extremely stingy, extremely unkind, extremely unaltruistic, extremely immoral and extremely uncooperative",1,1,4,1,3,4,1,4,1,3,3,2,3,3,4,3,5,4,4,1,5,5,4,4,5,4,1,5,5,3,3,1,3,1,1,5,5,5,3,3,3,5,1,4,3,3,5,1,4,4,2,1,4,3,5,1,1,2,4,5
"extremely careless, extremely lazy, extremely disorganized, extremely messy and extremely irresponsible",3,5,5,3,3,4,3,5,2,5,3,3,1,4,3,3,2,1,4,3,2,3,5,1,2,5,4,4,3,3,3,3,1,1,3,3,2,1,3,3,3,3,1,3,3,1,2,5,2,2,5,4,1,3,4,3,4,5,4,3
"extremely uninquisitive, extremely unreflective, extremely unaesthetic, extremely socially conservative and extremely uncreative",1,3,4,5,5,2,5,5,1,1,5,4,5,1,1,5,2,5,4,1,2,1,4,5,5,5,4,4,5,5,5,3,5,1,1,3,1,5,3,1,3,4,4,5,5,5,2,1,5,5,5,4,4,3,5,2,3,1,1,1
"extremely unselfconscious, extremely relaxed, extremely calm, extremely level-headed and extremely at ease",3,4,2,5,3,3,5,3,5,5,3,3,5,3,4,3,3,4,3,3,3,1,3,5,3,3,5,2,5,3,3,5,4,1,5,3,3,5,3,3,2,3,5,5,3,3,3,1,5,3,1,5,5,3,3,2,5,2,3,4
"extremely level-headed, extremely relaxed, extremely easygoing, extremely at ease and extremely contented",3,4,2,5,3,3,5,3,4,4,4,3,5,1,4,3,3,4,1,3,3,3,3,5,3,3,4,2,5,3,3,5,4,3,4,3,1,5,3,3,2,3,5,5,3,2,3,2,5,3,2,5,4,3,3,2,4,1,1,3
"neither happy nor depressed, neither level-headed nor impulsive, neither calm nor angry, neither contented nor discontented, and neither relaxed nor tense",3,3,3,3,3,3,5,3,3,3,3,3,3,3,3,3,3,3,3,3,3,3,3,3,3,3,3,3,3,3,3,3,3,3,3,3,3,3,3,5,3,3,3,3,3,3,3,3,3,3,3,3,3,3,3,3,3,3,3,3
"neither unanalytical nor analytical, neither unaesthetic nor aesthetic, neither emotionally closed nor emotionally aware, neither unintelligent nor intelligent, and neither unimaginative nor imaginative",3,3,3,4,3,3,5,3,3,5,3,3,3,3,3,3,3,3,3,3,3,3,3,3,3,3,3,3,3,3,3,4,3,3,3,3,3,4,3,5,3,3,3,3,3,3,3,3,3,3,3,4,5,3,3,3,3,3,3,3
"very energetic, very assertive, very active, very friendly and very extraverted",5,4,2,2,2,4,5,1,5,5,1,3,2,1,4,1,1,2,1,5,4,2,1,4,2,1,3,2,4,2,1,5,4,2,4,2,1,5,1,3,5,1,5,3,2,5,1,1,2,2,1,5,5,1,2,5,5,2,2,4
"contented, relaxed, calm, happy and  easygoing",3,5,1,5,3,3,5,3,5,4,4,3,4,3,4,4,3,3,3,5,2,1,3,5,4,3,5,3,5,3,3,5,4,3,5,3,1,4,3,3,2,3,5,5,3,3,3,2,5,3,3,5,3,3,3,3,5,2,3,3
"extremely timid, extremely gloomy, extremely introverted, extremely unfriendly and extremely inactive",1,4,4,2,3,1,4,5,1,3,5,2,4,4,2,5,2,3,4,3,1,1,5,1,5,5,4,2,4,3,4,3,2,5,3,1,2,2,5,4,2,4,3,3,2,1,2,2,1,2,5,2,2,5,4,1,2,2,4,2
"very active, very assertive, very extraverted, very talkative and very friendly",5,3,2,4,2,5,5,1,5,5,1,2,2,1,4,1,1,2,1,4,4,2,1,5,2,1,4,2,5,2,1,5,3,1,4,2,1,5,1,2,5,1,4,3,2,5,1,1,5,1,1,4,5,1,2,5,4,3,2,4
"easygoing, level-headed, relaxed, emotionally stable and  patient",2,4,2,5,3,3,5,2,5,4,4,2,5,5,4,3,3,3,3,4,2,1,2,4,3,3,5,2,5,3,3,5,4,3,4,3,1,4,3,3,2,2,5,5,3,3,1,2,5,3,2,5,3,3,3,3,4,5,2,3
"very lazy, very irresponsible, very impractical, very disorganized and very undisciplined",2,4,5,3,3,2,4,4,3,4,4,3,1,4,4,3,2,1,3,5,2,3,5,3,5,5,4,4,4,3,3,3,1,4,3,3,2,1,4,3,2,3,1,3,2,4,3,5,4,2,5,4,1,4,2,2,4,4,4,4
"immoral, self-important, distrustful, unsympathetic and  stingy",2,1,4,2,4,5,2,4,2,3,3,4,2,4,4,3,4,3,4,3,5,5,5,4,5,4,2,4,4,3,4,2,3,2,3,5,4,5,2,4,3,5,2,5,3,2,3,1,5,4,5,2,4,3,4,2,2,2,3,4
"careless, impractical, irresponsible, undisciplined and  extravagant",5,5,4,3,3,4,5,3,5,5,2,3,2,4,4,3,2,2,4,5,2,2,2,3,2,3,4,2,4,2,4,4,2,2,5,3,3,2,3,4,5,3,2,2,2,4,2,4,4,2,2,3,2,3,2,5,4,3,4,5
"a bit self-disciplined, a bit hardworking, a bit conscientious, a bit practical and a bit organized",2,3,1,4,4,3,5,1,4,3,3,3,4,2,3,3,3,4,3,3,3,3,2,4,4,2,3,2,4,3,3,4,4,3,3,3,3,4,3,3,4,3,4,4,3,3,3,2,3,3,1,4,4,3,3,3,3,2,2,3
"extremely curious, extremely reflective, extremely aesthetic, extremely socially progressive and extremely creative",2,5,2,4,1,4,5,2,4,5,2,2,2,2,5,2,1,4,2,5,2,2,1,4,2,2,5,2,4,5,2,4,4,2,5,2,5,3,2,5,3,2,4,3,2,2,1,2,3,5,2,4,4,3,3,5,4,2,2,5
"a bit uninquisitive, a bit unreflective, a bit unanalytical, a bit artistically unappreciative and a bit unimaginative",3,3,3,4,4,3,5,4,4,2,3,2,4,3,2,3,3,2,3,2,3,1,4,4,5,3,4,3,3,4,3,4,4,2,2,3,2,4,3,2,3,2,4,3,4,4,3,2,4,5,4,4,4,3,4,2,4,2,2,2
"easygoing, contented, emotionally stable, relaxed and  unselfconscious",2,4,2,5,3,2,5,3,4,4,3,3,4,5,4,3,3,2,2,4,2,1,3,5,4,3,5,2,5,3,3,5,3,3,3,3,1,4,3,3,2,2,4,4,3,3,3,2,5,3,3,5,4,3,3,3,5,2,3,3
"extremely unfriendly, extremely timid, extremely gloomy, extremely inactive and extremely silent",1,1,4,1,4,1,4,4,1,1,5,2,3,4,2,5,2,4,4,1,1,1,5,1,5,5,3,3,4,2,4,1,3,4,3,5,1,1,4,3,1,4,1,4,4,1,2,1,2,5,5,2,4,5,5,1,1,2,2,1
"thrifty, conscientious, self-efficacious, hardworking and  thorough",2,4,2,3,2,4,5,1,4,4,2,2,5,3,4,2,1,5,3,4,3,1,4,4,2,3,4,2,4,2,3,4,5,2,3,2,1,5,3,4,4,2,5,4,3,2,1,5,4,2,1,5,5,1,3,4,3,5,2,4
"irresponsible, impractical, messy, lazy and  careless",4,5,4,3,2,3,5,5,3,5,4,3,2,4,5,3,1,1,3,5,2,1,5,3,5,5,5,4,3,4,4,3,5,5,5,3,2,2,3,4,2,3,2,3,2,5,3,4,2,2,4,3,2,3,4,3,4,2,4,5
"agreeable, altruistic, kind, sympathetic and  honest",4,5,2,4,3,2,5,2,4,5,2,2,4,3,4,3,5,4,2,5,2,1,2,4,3,2,5,2,4,3,2,5,4,2,4,3,5,4,2,4,3,2,5,4,2,3,1,1,4,2,2,5,4,3,3,4,5,2,2,4
"a bit active, a bit extraverted, a bit energetic, a bit bold and a bit assertive",4,3,2,3,2,4,5,2,4,4,2,3,3,3,4,2,3,2,3,4,4,3,3,4,2,3,3,2,3,2,2,4,3,2,4,3,2,4,2,3,4,2,4,3,3,4,2,1,4,3,1,3,4,1,3,4,4,2,2,4
"extremely honest, extremely generous, extremely unselfish, extremely cooperative and extremely trustful",4,5,2,4,3,4,5,1,5,4,3,2,5,3,4,3,1,4,3,5,2,1,1,5,2,2,5,2,5,2,2,5,4,3,4,3,1,5,3,4,4,1,5,4,3,3,1,1,4,2,1,5,5,3,3,4,5,2,2,4
"a bit organized, a bit thorough, a bit responsible, a bit thrifty and a bit orderly",3,4,2,4,2,3,5,2,4,4,2,3,4,3,4,3,3,4,3,4,3,5,3,4,3,2,4,2,4,3,2,4,4,3,3,3,2,4,3,4,3,3,4,4,3,2,3,2,4,2,2,5,4,3,3,3,4,2,2,3
"dishonest, unsympathetic, unkind, uncooperative and  immoral",3,1,5,3,3,5,1,4,1,3,5,5,1,4,5,3,5,2,4,3,5,5,3,1,5,5,2,4,5,2,3,1,1,3,3,5,5,5,3,3,3,5,1,3,2,3,5,5,5,2,4,1,3,3,5,1,1,4,5,3
"very emotionally stable, very relaxed, very unselfconscious, very at ease and very calm",3,4,2,5,3,4,5,2,5,4,4,3,5,5,3,4,3,4,1,3,3,1,3,5,3,3,4,2,5,3,3,4,4,1,3,3,3,5,3,3,2,3,5,5,3,3,3,1,5,3,3,5,4,3,3,3,4,2,1,3
"contented, at ease, easygoing, patient and  calm",3,5,3,5,3,2,5,3,5,3,3,3,5,3,3,4,3,3,3,3,3,1,3,4,3,3,5,3,5,3,3,5,4,3,4,3,1,4,3,3,2,3,5,5,3,3,3,2,5,3,3,5,3,3,3,3,5,2,3,3
"a bit cheerful, a bit active, a bit extraverted, a bit friendly and a bit assertive",4,4,2,4,3,4,5,2,4,5,2,2,3,2,4,2,1,3,3,4,4,2,2,4,2,2,5,2,4,2,2,4,4,2,4,3,1,5,2,3,4,2,5,3,3,4,1,2,4,3,2,4,5,1,2,4,4,2,3,4
"a bit disagreeable, a bit unsympathetic, a bit stingy, a bit dishonest and a bit unaltruistic",2,2,2,3,3,4,3,4,2,3,3,2,3,3,4,2,3,4,3,3,4,2,2,4,4,2,2,2,4,3,4,2,3,2,3,4,2,5,2,3,3,4,2,4,2,2,2,2,4,4,2,2,4,2,4,2,2,2,2,4
"spontaneous, reflective, aesthetic, emotionally aware and  intelligent",2,4,2,4,3,3,5,2,4,5,2,2,2,2,4,3,1,2,2,5,2,2,2,4,3,2,4,2,4,1,2,4,3,2,5,3,2,4,2,5,4,2,4,3,2,2,1,2,3,1,2,4,4,2,3,4,4,2,2,4
"extremely unsophisticated, extremely unanalytical, extremely uninquisitive, extremely unimaginative and extremely socially conservative",1,5,5,5,5,1,5,5,1,2,5,4,5,3,1,5,5,5,5,1,2,1,1,5,5,5,5,4,5,5,5,5,5,5,2,5,1,5,1,1,3,5,5,5,5,1,1,1,5,5,5,5,5,5,5,3,5,1,5,2
"neither level-headed nor impulsive, neither happy nor depressed, neither patient nor irritable, neither unselfconscious nor self-conscious, and neither at ease nor nervous",3,3,3,3,3,3,5,3,3,3,3,3,3,3,3,3,3,3,3,3,3,3,3,3,3,3,3,3,3,3,3,3,3,3,3,3,3,3,3,5,3,3,3,3,3,3,3,3,3,3,3,3,3,3,3,3,3,3,3,3
"a bit silent, a bit gloomy, a bit timid, a bit unassertive and a bit unfriendly",2,4,2,3,3,2,4,2,2,4,3,2,4,3,3,5,2,4,3,4,2,2,4,3,4,4,5,2,4,2,4,4,4,4,4,4,2,4,3,4,2,3,4,4,2,2,2,2,2,4,3,3,4,4,3,2,3,2,2,3
"a bit nervous, a bit emotionally unstable, a bit depressed, a bit discontented and a bit self-conscious",2,4,4,2,3,2,4,3,2,4,4,3,2,4,3,4,2,3,4,4,2,2,4,2,3,4,4,2,2,3,4,4,3,4,4,4,2,3,4,4,2,3,3,2,3,2,2,2,2,2,2,4,3,4,3,2,3,2,4,4
"unsophisticated, unanalytical, socially conservative, unaesthetic and  unimaginative",5,4,4,5,5,4,5,4,5,3,4,4,5,3,2,3,1,5,4,2,2,2,4,5,5,4,5,4,5,5,4,4,5,5,2,3,2,5,4,2,4,4,5,5,5,5,2,1,5,5,5,5,5,5,5,4,5,2,3,2
"extremely unaltruistic, extremely unkind, extremely stingy, extremely disagreeable and extremely self-important",1,1,4,1,5,5,1,5,1,3,5,5,2,4,3,3,5,4,4,1,5,5,4,5,5,5,1,4,4,3,3,1,1,5,2,5,5,5,3,5,3,5,1,5,3,3,5,5,5,5,1,1,4,5,5,1,1,2,5,1
"neither artistically unappreciative nor artistically appreciative, neither unaesthetic nor aesthetic, neither unimaginative nor imaginative, neither unintelligent nor intelligent, and neither predictable nor spontaneous",3,3,3,3,3,3,5,3,3,4,3,3,3,3,3,3,3,3,3,3,3,3,3,3,3,3,3,3,3,3,3,3,3,3,3,3,3,5,3,4,3,3,3,3,3,3,3,3,3,2,3,5,5,3,3,3,3,3,3,3
"very agreeable, very trustful, very cooperative, very kind and very humble",4,5,2,4,3,2,5,2,5,5,3,2,5,2,4,3,1,4,2,5,2,2,2,4,4,2,5,2,5,3,2,5,4,2,4,3,1,5,3,4,4,2,5,4,2,3,1,2,4,2,2,5,5,3,3,4,5,2,2,4
"a bit at ease, a bit emotionally stable, a bit happy, a bit contented and a bit unselfconscious",3,4,2,4,3,3,5,3,4,4,3,2,4,3,3,3,3,4,3,4,3,3,3,4,3,3,4,3,4,3,3,4,4,2,4,3,3,4,2,4,3,2,4,4,3,3,3,2,4,3,3,4,4,3,3,3,4,2,3,3
"a bit predictable, a bit unimaginative, a bit artistically unappreciative, a bit uninquisitive and a bit unreflective",3,4,4,4,3,4,5,4,4,3,3,2,4,3,2,4,2,4,3,2,2,1,4,4,4,2,4,2,5,2,4,4,4,3,2,3,1,5,3,3,3,2,4,4,3,4,2,4,4,5,4,5,5,3,4,3,4,2,2,2
"a bit lazy, a bit impractical, a bit extravagant, a bit disorganized and a bit unsure",2,4,4,3,3,3,4,3,3,4,2,2,2,3,3,3,2,2,3,4,2,2,4,3,4,4,4,3,3,3,3,4,2,4,4,3,2,2,3,4,2,3,2,3,3,3,2,4,3,2,2,4,2,3,2,3,4,3,4,4
"unenergetic, timid, unadventurous, silent and  inactive",1,4,2,3,2,2,5,4,2,2,5,3,4,3,2,5,3,3,3,3,1,1,5,3,5,5,3,2,5,2,4,4,4,4,3,3,3,2,3,3,1,2,4,3,3,2,2,2,2,4,5,4,2,3,2,1,3,2,3,2
"very generous, very cooperative, very unselfish, very honest and very kind",4,5,2,4,3,2,5,2,5,4,3,2,4,1,4,3,1,4,3,5,3,2,3,4,2,2,5,2,5,2,3,5,5,3,4,3,1,5,3,4,4,1,5,4,3,3,1,1,3,2,1,5,5,3,3,4,5,2,2,4
"extremely immoral, extremely stingy, extremely unaltruistic, extremely disagreeable and extremely dishonest",1,1,4,1,3,5,1,4,1,3,5,5,1,4,4,3,5,2,4,3,5,5,5,1,5,5,1,3,5,3,4,1,2,1,1,4,5,4,4,4,3,5,1,3,3,3,5,5,5,2,2,1,3,4,5,1,1,4,3,1
"cheerful, extraverted, talkative, adventurous and daring and  active",5,4,1,4,2,5,5,1,5,5,1,2,2,1,5,1,3,2,1,5,4,2,1,4,2,2,5,3,4,2,1,5,2,1,5,2,1,5,1,2,5,1,4,3,3,5,1,1,5,2,1,4,4,1,2,5,5,2,3,5
"extraverted, energetic, cheerful, assertive and  friendly",5,4,2,4,2,4,5,1,5,5,1,1,2,1,4,1,3,2,1,5,4,1,1,4,2,1,4,2,5,3,1,5,3,1,5,2,1,5,1,2,5,1,5,3,3,5,1,2,4,1,1,5,5,1,2,5,5,2,3,4
"very emotionally unstable, very tense, very self-conscious, very nervous and very angry",1,3,3,1,3,4,3,3,1,3,4,3,2,5,4,3,2,1,5,4,1,4,4,1,3,3,4,2,1,3,4,4,4,5,4,4,2,4,4,4,3,4,3,2,3,3,2,2,2,2,2,3,4,4,3,2,2,2,5,4
"extremely gloomy, extremely unadventurous, extremely unenergetic, extremely silent and extremely timid",1,5,2,2,2,1,5,4,1,2,5,2,4,4,1,5,3,4,4,1,1,1,5,3,5,5,5,2,5,2,5,4,4,5,3,5,1,3,5,4,1,4,4,4,4,1,2,1,1,5,5,4,2,5,5,1,3,1,2,2
"extremely aesthetic, extremely sophisticated, extremely reflective, extremely emotionally aware and extremely socially progressive",3,5,2,4,1,4,5,2,5,5,3,2,4,2,4,2,1,4,2,5,3,2,2,4,2,2,4,2,3,2,2,5,5,2,5,2,1,5,3,5,4,1,4,4,2,3,2,1,3,1,1,5,4,1,2,4,4,2,2,4
"emotionally stable, calm, level-headed, relaxed and  contented",2,4,2,5,3,4,5,2,4,4,5,3,5,3,4,4,3,4,3,3,3,3,3,5,3,3,5,2,5,3,3,5,4,3,4,3,3,5,2,3,2,3,5,5,3,3,1,1,5,3,3,5,5,3,3,2,4,2,2,3
"unsophisticated, predictable, unintelligent, unanalytical and  unreflective",5,5,4,5,4,4,5,4,5,5,4,4,5,4,2,4,1,5,3,1,1,2,5,5,5,4,5,4,5,5,4,5,5,5,3,4,2,5,3,1,5,4,5,4,5,1,3,1,5,5,5,5,5,5,5,5,5,2,5,1
"very silent, very unenergetic, very unassertive, very unadventurous and very timid",1,5,2,4,3,2,5,2,4,3,4,2,4,3,2,5,3,4,4,3,2,1,4,3,5,4,5,2,5,2,4,4,4,4,3,4,2,4,3,4,1,3,4,4,3,1,2,2,2,3,4,4,4,3,4,1,3,2,2,2
"very humble, very generous, very unselfish, very kind and very moral",3,5,2,4,3,2,5,2,4,4,3,2,4,2,4,3,1,4,3,4,2,2,2,4,2,2,4,2,5,3,4,5,4,3,4,3,2,5,3,4,4,2,5,4,3,3,2,2,3,3,2,5,5,3,3,4,4,2,2,4
"extremely trustful, extremely moral, extremely altruistic, extremely humble and extremely unselfish",3,5,2,4,3,2,5,2,5,4,3,2,5,3,4,3,1,3,3,3,3,1,2,5,2,3,5,2,5,3,4,5,4,2,4,3,1,4,3,4,3,1,5,4,3,3,1,2,2,2,2,5,5,3,3,3,5,1,3,4
"very self-efficacious, very hardworking, very responsible, very organized and very thorough",3,4,1,4,3,4,5,1,5,4,3,1,5,1,4,3,2,5,3,3,4,1,1,5,2,1,3,1,5,2,3,5,5,1,3,3,1,5,3,4,4,3,5,4,3,3,2,1,4,2,1,5,5,1,3,4,3,1,1,4
"extremely friendly, extremely energetic, extremely assertive, extremely bold and extremely active",5,3,1,1,2,5,5,1,5,5,1,1,2,1,4,1,3,2,1,1,4,5,1,4,2,1,3,2,3,2,1,5,4,1,3,4,1,5,1,3,5,1,5,3,3,5,1,1,5,2,1,4,5,1,3,5,4,2,1,5
"very sympathetic, very trustful, very moral, very humble and very altruistic",3,5,2,4,3,3,5,3,4,4,3,2,4,3,3,3,5,3,3,4,3,2,2,4,3,3,5,2,4,3,3,5,4,3,3,3,1,4,3,4,3,2,5,4,3,3,1,2,3,2,2,5,5,3,3,3,5,2,2,3
"unselfconscious, calm, easygoing, happy and  contented",3,5,2,5,3,3,5,3,5,5,3,3,4,3,3,3,3,3,3,3,3,1,3,5,3,3,5,3,5,3,3,5,4,3,4,3,3,3,3,3,3,3,4,4,3,3,3,1,5,3,3,5,3,3,3,3,5,2,3,3
"a bit energetic, a bit extraverted, a bit friendly, a bit adventurous and daring and a bit cheerful",4,4,2,3,2,4,5,1,5,5,2,2,3,2,4,2,3,3,3,4,3,2,3,4,2,2,5,2,3,2,2,5,2,3,4,3,3,4,2,3,4,2,4,3,3,4,1,1,4,1,2,5,5,1,3,5,4,2,3,5
"neither unassertive nor assertive, neither gloomy nor cheerful, neither unadventurous nor adventurous and daring, neither unenergetic nor energetic, and neither introverted nor extraverted",3,3,3,3,3,3,5,3,3,3,3,3,3,3,3,3,3,3,3,3,3,2,3,3,3,3,3,3,3,3,3,3,3,3,3,3,3,3,3,3,3,3,3,3,3,3,3,3,3,3,3,3,3,3,3,3,3,3,3,3
"neither unsophisticated nor sophisticated, neither unreflective nor reflective, neither emotionally closed nor emotionally aware, neither uncreative nor creative, and neither artistically unappreciative nor artistically appreciative",3,3,3,3,3,3,5,3,3,3,3,3,3,3,3,3,3,3,3,3,3,3,3,3,3,3,3,3,3,3,3,3,3,3,3,3,3,3,3,3,3,3,3,3,3,3,3,3,3,3,3,3,4,3,3,3,3,3,3,3
"very undisciplined, very disorganized, very lazy, very extravagant and very careless",3,4,4,4,3,4,3,4,4,5,3,3,2,4,4,3,3,1,3,5,3,2,5,3,3,4,4,4,3,2,3,4,2,4,5,3,2,2,3,3,3,3,2,3,3,4,2,4,4,2,3,4,1,3,3,4,4,3,4,4
"angry, self-conscious, irritable, depressed and  anxious",1,5,3,1,3,2,5,3,1,3,4,3,1,4,3,3,3,3,5,3,1,3,4,1,3,3,1,3,1,3,3,1,2,5,3,4,3,1,4,4,1,4,2,1,3,2,3,2,1,3,2,3,4,4,3,1,1,3,4,3
"very humble, very agreeable, very sympathetic, very cooperative and very kind",3,5,2,4,3,2,5,2,4,4,2,2,4,3,4,4,5,4,3,4,1,1,2,4,3,3,5,2,4,2,3,5,4,2,4,3,1,4,2,4,3,2,5,4,2,3,1,2,4,2,2,5,4,3,3,3,5,2,2,3
"neither easygoing nor anxious, neither relaxed nor tense, neither happy nor depressed, neither patient nor irritable, and neither level-headed nor impulsive",3,3,3,3,3,3,5,3,3,3,3,3,3,3,3,3,3,3,3,3,3,3,3,3,3,3,3,3,3,3,3,3,3,3,3,3,3,3,3,3,3,3,3,3,3,3,3,3,3,3,3,3,3,3,3,3,3,3,3,3
"extremely socially progressive, extremely intelligent, extremely analytical, extremely artistically appreciative and extremely curious",2,4,2,4,5,4,5,2,5,5,2,2,3,3,5,3,1,3,3,5,2,2,2,4,5,2,4,2,3,2,2,5,3,3,5,2,1,4,3,5,4,2,4,4,2,3,2,1,3,1,1,5,5,3,4,4,4,2,2,5
"a bit unintelligent, a bit unaesthetic, a bit uncreative, a bit unsophisticated and a bit unimaginative",4,5,4,5,4,4,5,4,5,4,4,2,4,3,2,3,3,4,4,2,2,3,4,4,4,4,4,4,4,4,4,5,4,3,2,3,1,4,3,2,3,3,4,3,4,3,3,4,3,4,5,5,4,3,4,4,4,3,4,2
"very irresponsible, very messy, very negligent, very extravagant and very impractical",3,4,4,3,3,4,5,4,5,4,3,2,1,3,4,3,3,1,3,5,3,2,4,3,2,3,4,3,3,2,3,4,1,2,5,3,1,1,3,3,4,3,1,3,3,3,2,4,2,2,4,4,3,3,3,5,4,3,4,5
"unadventurous, inactive, gloomy, unfriendly and  introverted",2,3,3,3,2,2,4,4,2,1,5,2,3,4,1,5,3,4,5,2,2,1,4,4,5,5,3,2,4,4,4,3,4,4,2,4,4,3,4,3,2,2,4,4,4,2,2,3,4,5,4,3,2,5,4,2,2,1,3,2
"unassertive, gloomy, unfriendly, unenergetic and  silent",1,3,3,1,3,1,4,3,2,3,4,2,3,4,2,5,2,3,3,1,1,1,4,2,4,4,4,3,3,2,4,3,3,4,3,4,1,3,4,3,1,3,3,3,3,1,2,2,2,3,4,3,2,4,3,1,3,2,3,3
"uncooperative, unkind, selfish, disagreeable and  unaltruistic",2,1,3,1,3,5,2,2,1,1,5,4,1,3,1,3,5,1,4,1,4,5,3,3,5,5,1,2,2,1,4,1,1,1,1,4,5,3,3,1,3,5,1,3,2,2,5,5,2,5,5,1,1,3,5,2,1,2,4,1
"a bit agreeable, a bit cooperative, a bit altruistic, a bit unselfish and a bit trustful",4,4,2,4,3,3,5,3,4,4,3,2,4,3,4,3,1,3,3,4,2,1,2,4,2,2,4,2,4,2,3,4,4,3,4,3,2,4,3,4,3,2,4,4,2,3,1,2,4,2,2,5,4,3,3,4,4,2,2,3
"orderly, self-disciplined, organized, conscientious and  thorough",2,3,1,2,4,3,5,1,4,4,3,3,5,3,2,3,3,5,3,3,2,3,5,4,3,2,4,2,5,2,3,5,5,3,3,3,1,5,3,3,3,3,5,4,3,2,2,1,4,2,1,5,5,3,4,3,4,1,2,2
"disorganized, lazy, undisciplined, irresponsible and  impractical",4,5,4,4,2,4,5,3,4,5,4,2,2,3,4,3,2,1,3,5,2,1,4,3,5,4,4,4,3,3,3,4,1,4,5,3,1,1,3,4,3,3,1,3,2,3,3,4,3,3,5,4,2,3,3,3,4,3,4,5
"very creative, very socially progressive, very curious, very intelligent and very imaginative",3,4,2,4,2,4,5,2,5,5,2,2,2,2,5,2,1,2,3,5,2,3,2,4,3,2,4,2,3,5,3,4,2,2,5,2,2,4,3,4,4,2,4,3,5,3,2,2,2,2,1,4,4,3,2,4,4,2,2,5
"extremely unsophisticated, extremely predictable, extremely unimaginative, extremely artistically unappreciative and extremely socially conservative",1,5,5,5,5,4,5,4,3,2,5,4,5,5,1,5,2,5,4,1,2,1,4,5,5,5,5,4,5,5,3,4,5,5,2,5,1,5,3,1,3,4,5,5,5,5,3,1,5,5,5,5,5,4,5,3,5,1,1,1
"very unaltruistic, very distrustful, very self-important, very selfish and very stingy",2,1,4,2,3,4,3,4,2,3,3,4,3,4,4,3,5,3,4,3,4,4,4,4,5,4,2,4,4,2,4,1,3,3,3,4,4,4,3,4,3,5,2,4,2,2,3,2,4,4,2,2,4,3,4,2,1,4,3,4
"very unenergetic, very inactive, very introverted, very unassertive and very unadventurous",1,4,2,4,2,2,5,5,2,2,5,2,4,3,2,5,3,4,2,2,2,2,5,3,5,5,4,2,3,2,4,4,2,4,3,4,2,2,3,3,1,2,4,3,3,2,3,2,3,4,5,4,2,3,2,1,3,2,2,2
"lazy, careless, negligent, messy and  undisciplined",3,4,5,4,3,3,4,3,4,4,3,2,2,3,3,3,3,1,3,5,2,1,5,4,4,4,5,4,4,3,3,4,2,2,3,3,2,1,3,4,2,3,2,3,2,4,2,4,4,3,4,3,1,3,3,2,3,3,4,4
"very calm, very patient, very easygoing, very happy and very emotionally stable",3,4,3,5,3,3,5,3,5,3,3,3,5,3,4,4,3,4,3,5,3,1,3,5,3,3,5,3,5,3,3,5,3,3,3,3,3,5,3,3,3,3,5,5,3,3,3,1,5,3,3,5,5,3,3,3,5,3,3,3
"extremely discontented, extremely angry, extremely impulsive, extremely irritable and extremely self-conscious",1,1,4,1,3,4,3,1,1,1,4,4,1,5,1,1,2,1,5,1,1,5,4,1,4,3,1,4,1,3,3,1,1,5,1,4,4,1,3,3,1,4,1,1,3,1,1,2,1,1,1,1,1,4,2,1,1,4,4,1
"very nervous, very tense, very impulsive, very discontented and very anxious",1,3,4,1,2,4,5,2,1,4,4,3,1,4,4,3,3,2,4,5,2,3,4,1,2,3,3,3,1,2,3,4,3,5,3,3,2,4,3,4,3,3,3,2,3,3,1,2,2,2,2,3,4,4,3,3,3,3,4,3
"unselfconscious, at ease, calm, happy and  relaxed",3,5,3,5,3,3,5,3,5,5,3,3,4,3,4,3,3,3,3,5,3,3,3,5,3,3,5,3,5,3,3,5,3,3,5,3,3,5,3,3,3,3,5,5,3,3,3,3,5,3,3,5,4,3,3,3,5,3,3,5
"messy, unsure, undisciplined, extravagant and  careless",3,4,4,3,3,3,5,3,4,5,3,2,2,4,4,3,3,1,3,5,3,2,4,3,2,3,4,4,3,3,3,4,2,2,4,3,2,2,3,3,4,3,2,2,3,4,3,4,3,2,2,3,2,3,2,4,4,3,4,4
"unimaginative, emotionally closed, unreflective, unintelligent and  artistically unappreciative",1,1,4,3,5,2,5,4,2,2,4,4,4,3,1,3,2,4,4,1,3,1,4,3,5,4,3,4,5,5,3,2,4,1,1,3,3,4,3,1,2,3,3,5,5,3,2,2,2,5,4,3,4,3,5,2,1,3,3,1
"extremely easygoing, extremely emotionally stable, extremely relaxed, extremely unselfconscious and extremely at ease",3,3,1,5,3,3,5,3,5,4,3,3,4,3,3,3,3,2,1,3,3,1,3,5,3,3,5,3,5,3,3,5,3,1,3,3,3,3,3,3,3,3,4,5,3,3,3,1,5,3,3,5,3,3,3,3,5,2,3,3
"imaginative, emotionally aware, reflective, intelligent and  artistically appreciative",2,4,2,4,2,2,5,2,4,5,2,2,2,2,4,3,1,2,2,5,3,2,2,4,2,2,4,2,3,1,3,4,2,2,5,2,2,2,3,4,2,2,3,3,1,2,2,1,2,1,2,4,4,2,3,4,4,2,2,5
"altruistic, trustful, honest, moral and  cooperative",3,5,2,4,3,3,5,1,5,5,3,2,5,3,3,3,1,3,3,5,2,1,2,4,2,3,5,2,4,2,3,5,4,3,4,3,1,4,3,4,3,1,5,4,3,3,1,1,3,4,2,5,5,3,3,3,5,1,2,4
"neither irresponsible nor responsible, neither lazy nor hardworking, neither undisciplined nor self-disciplined, neither impractical nor practical, and neither unsure nor self-efficacious",3,3,3,3,3,3,3,3,3,3,3,3,3,3,3,3,3,3,3,3,3,3,3,3,3,3,3,3,3,3,3,3,3,3,3,3,3,3,3,5,3,3,3,3,3,3,3,3,3,3,3,3,3,3,3,3,3,3,3,3
"a bit self-important, a bit uncooperative, a bit disagreeable, a bit unaltruistic and a bit unkind",2,2,4,4,3,5,3,4,3,4,3,4,3,4,4,2,3,3,3,3,4,4,4,4,4,2,3,3,4,2,4,2,3,2,3,4,2,4,3,4,3,4,3,4,2,2,2,4,4,4,5,2,4,3,4,2,2,2,3,5
"a bit discontented, a bit angry, a bit tense, a bit self-conscious and a bit anxious",2,4,3,2,3,3,5,2,1,3,3,3,4,4,4,4,2,3,4,3,1,2,4,1,3,3,4,2,2,2,4,4,4,4,3,4,2,4,3,4,3,3,3,3,2,3,2,2,2,2,2,3,4,3,3,2,2,2,4,3
"very patient, very contented, very at ease, very level-headed and very calm",2,4,2,5,3,3,5,3,5,4,4,3,4,3,3,4,3,4,3,4,2,3,3,5,3,3,5,2,5,3,3,4,4,3,5,3,1,5,3,3,2,3,5,5,3,3,3,2,5,3,3,5,5,3,3,3,4,1,4,3
"a bit self-efficacious, a bit self-disciplined, a bit conscientious, a bit hardworking and a bit organized",3,3,2,3,3,3,5,2,4,4,3,2,4,3,3,3,3,4,3,3,3,2,2,4,3,2,3,2,3,3,3,4,4,2,3,3,3,4,3,3,3,3,4,4,3,3,3,2,3,2,1,4,4,1,3,4,3,2,1,3
"a bit disorganized, a bit lazy, a bit impractical, a bit unsure and a bit negligent",3,4,3,3,3,3,4,3,3,4,2,2,2,3,4,3,2,2,3,4,2,2,4,3,2,4,4,3,3,3,3,4,2,3,4,3,2,2,3,4,2,3,2,3,2,3,2,3,3,2,3,4,3,3,2,3,4,3,3,4
"very angry, very self-conscious, very nervous, very emotionally unstable and very depressed",1,4,3,1,3,1,5,3,1,3,3,3,1,5,3,3,1,1,5,3,1,1,4,1,3,3,1,2,1,3,4,3,1,5,3,4,1,1,5,3,1,4,1,1,3,1,3,2,1,2,1,1,3,5,3,1,1,3,4,3
"very unsure, very careless, very lazy, very undisciplined and very irresponsible",2,3,4,3,3,2,3,4,1,4,5,4,2,4,3,3,3,2,3,5,2,3,5,3,5,5,3,3,3,3,3,3,2,3,3,4,2,2,3,3,2,3,2,2,3,3,2,5,5,2,5,3,1,3,3,2,3,4,3,4
"extremely honest, extremely trustful, extremely cooperative, extremely agreeable and extremely kind",4,5,2,4,3,3,5,1,5,5,3,2,5,1,4,3,5,4,3,5,3,5,3,5,3,3,5,2,5,3,3,5,5,3,4,3,1,5,3,3,3,1,5,4,3,3,1,1,5,3,1,5,5,3,3,5,5,1,3,4
"extremely happy, extremely easygoing, extremely level-headed, extremely relaxed and extremely unselfconscious",3,5,3,5,3,3,5,3,5,5,3,3,4,3,4,3,3,3,1,5,3,3,3,5,3,3,5,3,5,3,3,5,3,3,4,3,1,4,3,3,3,3,5,5,3,3,3,1,5,3,3,5,3,3,3,3,5,2,3,3
"neither socially conservative nor socially progressive, neither predictable nor spontaneous, neither emotionally closed nor emotionally aware, neither unsophisticated nor sophisticated, and neither unaesthetic nor aesthetic",3,3,3,3,3,3,5,3,3,5,3,3,3,3,3,3,3,3,3,3,3,3,3,3,3,3,3,3,3,3,3,4,3,3,3,3,3,5,3,5,3,3,3,3,3,3,3,3,3,2,3,3,4,3,3,3,3,3,3,3
"extremely unselfish, extremely generous, extremely trustful, extremely altruistic and extremely moral",3,5,2,3,3,3,5,1,5,3,3,1,4,3,3,3,1,3,3,3,3,1,3,3,3,3,5,3,3,3,3,5,3,3,3,3,1,3,3,3,3,1,5,3,3,3,1,1,3,2,1,5,5,3,3,3,5,2,3,3
"discontented, impulsive, self-conscious, angry and  anxious",2,3,3,1,3,3,4,3,1,4,3,3,2,4,4,2,3,2,4,3,2,3,4,1,2,3,3,2,1,3,3,4,2,5,4,3,2,3,4,4,3,3,2,2,2,3,2,2,2,3,2,3,3,4,3,2,2,2,4,4
"very unenergetic, very inactive, very timid, very gloomy and very unfriendly",1,4,4,1,2,1,4,5,1,2,5,2,4,4,1,5,2,2,4,1,1,1,5,3,5,5,4,2,3,2,4,4,2,4,3,4,4,1,5,4,1,4,3,4,4,2,2,1,5,5,5,3,1,5,2,1,3,2,4,1
"a bit self-important, a bit uncooperative, a bit distrustful, a bit stingy and a bit disagreeable",2,2,2,2,3,4,3,2,2,3,4,4,3,3,4,2,3,3,3,3,3,4,4,2,4,2,2,2,3,2,2,2,3,3,3,4,3,4,2,3,3,4,3,4,2,2,2,2,3,4,2,2,4,3,4,2,2,2,3,4
"very emotionally aware, very analytical, very creative, very spontaneous and very artistically appreciative",3,5,2,4,2,4,5,2,4,5,2,2,2,3,4,2,1,2,2,5,3,3,2,4,2,2,4,2,4,5,2,4,2,2,5,2,1,4,3,5,4,2,4,3,2,3,1,2,3,1,1,4,4,1,3,4,4,2,3,5
"altruistic, kind, unselfish, trustful and  cooperative",3,5,2,4,3,3,5,1,5,5,3,2,4,3,4,3,1,3,3,5,3,1,3,4,2,3,5,2,4,3,3,5,4,3,4,2,1,4,3,3,3,1,5,4,3,3,1,5,3,2,2,5,5,3,3,3,5,2,2,3
"extremely self-important, extremely distrustful, extremely unkind, extremely stingy and extremely unaltruistic",1,1,5,1,4,5,1,1,1,2,5,5,3,4,3,3,5,4,5,1,5,5,5,1,5,2,1,2,5,2,4,1,5,1,2,5,5,5,3,3,3,5,2,5,4,1,4,1,5,5,1,1,5,1,5,1,1,2,4,3
"a bit active, a bit bold, a bit energetic, a bit friendly and a bit cheerful",4,3,2,3,2,4,5,1,4,4,2,2,3,2,4,2,3,3,2,4,3,2,2,4,3,3,4,2,3,2,1,4,4,2,4,3,2,5,2,3,4,2,5,3,3,4,1,1,4,2,1,5,4,1,3,4,4,3,3,4
"irresponsible, unsure, undisciplined, careless and  disorganized",4,5,4,3,2,3,5,4,4,5,3,4,1,4,4,3,3,2,3,5,2,1,5,3,4,4,5,4,3,2,3,4,2,5,3,3,1,2,3,4,4,3,1,2,2,3,2,4,2,2,4,4,2,3,3,4,5,3,4,5
"very tense, very self-conscious, very depressed, very emotionally unstable and very discontented",1,3,3,1,2,3,4,3,1,3,4,3,2,4,3,3,2,3,5,3,1,1,4,1,2,3,3,2,1,3,4,3,3,5,3,3,2,3,4,3,1,3,3,1,3,1,3,2,1,3,4,3,3,4,3,1,2,2,4,3
"extremely thorough, extremely organized, extremely self-efficacious, extremely responsible and extremely conscientious",3,3,1,3,3,4,5,1,5,4,3,1,5,1,4,3,3,5,3,3,3,1,1,4,2,1,3,1,5,3,3,5,5,2,3,3,1,5,3,4,3,1,5,4,3,3,3,1,3,2,1,5,5,1,3,4,3,1,2,3
"extremely unsophisticated, extremely socially conservative, extremely unimaginative, extremely emotionally closed and extremely predictable",1,2,1,5,5,4,5,4,1,2,5,4,5,5,1,5,5,5,5,1,2,1,4,5,5,5,5,1,5,5,5,5,5,5,1,5,1,5,3,1,2,5,5,5,5,2,1,1,5,5,5,5,5,3,5,2,3,5,1,1
"unaesthetic, uncreative, socially conservative, unimaginative and  unintelligent",1,5,4,4,5,2,5,4,4,3,5,2,4,3,2,4,1,4,4,1,2,1,4,5,5,4,4,4,5,5,4,4,5,4,1,4,1,4,4,1,2,3,5,4,5,2,2,4,3,5,5,5,5,4,5,3,4,1,2,2
"altruistic, humble, cooperative, kind and  trustful",2,5,2,4,3,2,5,2,5,5,3,2,4,3,4,3,1,3,3,4,3,1,3,4,3,2,5,2,4,3,2,5,4,3,4,3,1,4,3,4,3,1,5,4,3,2,1,1,3,2,2,5,4,3,3,4,5,1,3,3
"a bit aesthetic, a bit artistically appreciative, a bit creative, a bit spontaneous and a bit imaginative",3,4,3,4,4,3,5,2,4,5,2,2,2,3,4,2,3,2,3,5,3,3,2,4,2,3,5,2,4,4,3,4,3,2,5,3,1,3,3,4,4,3,3,3,2,3,2,2,3,2,2,5,3,3,2,4,4,3,3,4
"very dishonest, very selfish, very distrustful, very unaltruistic and very uncooperative",2,1,3,3,3,4,2,4,2,3,3,4,2,4,4,3,5,3,4,3,4,5,5,1,5,4,1,4,3,3,3,1,2,3,3,5,4,4,3,3,3,5,1,3,3,3,5,5,2,3,2,2,3,3,3,3,1,4,4,3
"level-headed, relaxed, at ease, emotionally stable and  unselfconscious",3,3,2,5,3,3,5,3,4,5,4,3,4,3,3,4,3,4,3,3,3,2,3,5,3,3,4,2,5,3,3,4,4,1,3,3,3,4,3,3,3,3,5,5,3,3,3,2,5,3,3,5,4,1,3,3,4,2,3,3
"extremely extravagant, extremely disorganized, extremely messy, extremely impractical and extremely lazy",4,3,5,5,2,3,5,5,3,4,5,2,1,4,3,3,3,1,3,5,1,3,5,3,5,5,3,4,4,2,3,3,1,2,5,3,2,2,3,3,2,3,1,2,2,4,3,5,4,2,5,4,1,3,4,4,3,3,3,4
"very socially progressive, very emotionally aware, very aesthetic, very reflective and very imaginative",2,5,2,4,4,2,5,2,4,5,2,2,3,3,5,3,1,2,2,5,2,2,2,4,2,2,4,2,4,5,2,5,3,2,5,2,1,3,3,5,3,2,4,2,1,2,1,2,3,2,2,5,4,3,3,4,4,2,4,5
"a bit self-important, a bit disagreeable, a bit selfish, a bit unaltruistic and a bit unkind",2,2,4,4,4,4,3,4,3,4,4,4,3,4,4,2,4,4,4,3,4,4,4,4,5,4,2,4,4,2,4,2,3,2,3,4,3,5,3,4,3,4,3,4,2,4,3,2,4,5,5,2,4,3,4,2,2,3,3,4
"very careless, very negligent, very messy, very unsure and very disorganized",3,5,4,3,3,3,3,2,5,5,3,2,1,3,4,3,3,1,3,3,3,1,4,3,3,2,5,3,3,3,3,4,1,3,4,3,3,2,3,3,3,3,1,3,3,3,3,4,2,3,5,4,4,3,3,3,3,2,4,4
"sophisticated, intelligent, aesthetic, imaginative and  artistically appreciative",2,4,2,4,2,4,5,2,5,5,2,2,3,2,4,3,2,3,3,5,3,2,2,4,2,2,5,2,4,1,3,4,4,3,5,3,1,3,3,5,2,2,4,4,5,3,1,5,2,5,2,5,5,3,2,4,4,2,2,5
"very self-important, very disagreeable, very unsympathetic, very uncooperative and very unkind",2,1,2,5,3,5,3,1,1,4,4,4,4,3,5,3,5,4,5,3,4,5,2,1,5,1,2,2,4,2,3,1,1,2,3,4,5,5,3,3,3,4,5,5,2,3,5,1,3,5,2,2,4,3,4,1,1,2,4,5
"a bit socially progressive, a bit creative, a bit artistically appreciative, a bit imaginative and a bit emotionally aware",3,4,2,4,3,3,5,2,4,5,2,2,3,3,4,3,1,2,3,5,2,2,2,4,3,2,4,2,4,2,3,4,2,2,5,3,1,3,3,4,4,2,4,3,2,3,2,1,3,2,2,4,4,3,3,4,4,2,3,4
"socially conservative, unreflective, uncreative, unaesthetic and  uninquisitive",1,4,4,4,4,4,5,4,5,2,4,4,4,3,2,4,2,5,4,1,4,1,4,5,5,3,4,3,5,4,3,5,5,4,2,3,1,5,3,1,4,4,5,5,2,4,2,2,5,5,5,5,5,2,5,4,4,2,2,2
"very assertive, very bold, very active, very cheerful and very friendly",5,3,1,3,2,4,5,1,5,4,1,1,2,1,4,1,1,2,1,5,4,2,1,5,2,1,4,2,5,3,1,4,4,1,5,2,1,5,1,3,5,1,5,4,3,5,1,1,5,2,1,4,5,1,3,5,5,2,1,5
"a bit conscientious, a bit self-efficacious, a bit orderly, a bit thrifty and a bit hardworking",2,3,2,2,3,3,5,2,4,4,3,2,4,2,4,3,2,4,3,3,2,2,3,4,2,2,3,2,4,3,3,4,4,2,3,3,2,4,3,4,3,2,4,4,3,2,2,2,3,2,2,4,5,3,3,4,4,2,2,3
"emotionally stable, happy, calm, relaxed and  unselfconscious",3,4,1,5,3,3,5,3,5,5,4,3,5,3,3,3,3,3,1,3,3,1,3,5,3,3,5,2,5,3,3,5,4,3,4,3,1,5,3,3,3,3,5,5,3,3,3,1,5,3,3,5,4,1,3,3,5,2,3,3
"a bit negligent, a bit unsure, a bit messy, a bit extravagant and a bit lazy",3,4,4,3,3,3,4,4,4,4,3,2,2,3,4,3,3,2,3,4,2,2,4,3,4,4,4,3,3,3,3,4,2,3,4,3,2,3,3,4,3,3,2,3,3,3,2,4,3,4,3,4,2,3,3,3,3,3,4,4
"neither selfish nor unselfish, neither unsympathetic nor sympathetic, neither self-important nor humble, neither uncooperative nor cooperative, and neither distrustful nor trustful",3,3,3,3,3,3,5,3,3,3,3,3,3,3,3,3,3,3,3,3,3,3,3,3,3,3,3,3,3,3,3,3,3,3,3,3,3,3,3,4,3,3,3,3,3,3,3,3,3,3,3,3,4,3,3,3,3,3,3,3
"responsible, self-efficacious, self-disciplined, thorough and  organized",1,3,1,3,3,4,5,1,5,4,3,1,5,1,4,3,3,5,2,3,3,1,1,4,3,1,3,2,5,3,2,4,5,1,3,3,1,5,1,3,3,3,5,4,3,1,1,1,3,2,1,5,5,1,3,3,3,1,2,3
"a bit unenergetic, a bit introverted, a bit unfriendly, a bit unadventurous and a bit gloomy",2,3,2,2,2,2,4,2,2,2,4,2,4,4,2,4,2,4,2,3,2,2,4,3,4,4,4,2,3,2,4,3,3,4,3,3,2,4,4,4,1,2,4,3,3,2,2,2,3,4,2,3,4,4,2,1,2,2,2,2
"neither unimaginative nor imaginative, neither uncreative nor creative, neither uninquisitive nor curious, neither socially conservative nor socially progressive, and neither unreflective nor reflective",3,3,3,3,3,3,5,3,3,3,3,3,3,3,3,3,3,3,3,3,3,3,3,3,3,3,3,3,3,3,3,4,3,3,3,3,3,3,3,5,3,3,3,3,3,3,3,3,3,3,3,3,4,3,3,3,3,3,3,3
"extremely friendly, extremely bold, extremely adventurous and daring, extremely extraverted and extremely assertive",5,2,1,3,2,5,5,1,5,5,1,1,1,1,4,1,1,2,1,5,5,2,1,4,2,1,4,2,4,2,1,5,3,1,5,2,1,5,1,3,5,1,4,3,3,5,1,1,5,2,1,3,5,1,2,5,4,2,1,5
"unaltruistic, distrustful, dishonest, immoral and  uncooperative",2,1,4,3,3,4,2,4,2,3,5,5,2,4,4,4,5,3,4,1,4,5,5,3,5,4,2,4,3,3,3,1,2,4,3,5,4,4,3,4,3,5,2,3,2,4,5,5,5,4,5,2,3,3,3,2,2,4,4,3
"artistically unappreciative, emotionally closed, predictable, socially conservative and  uncreative",2,2,4,3,5,3,5,2,2,2,5,2,4,3,1,5,1,4,4,1,2,1,4,4,5,4,3,2,5,5,4,3,4,4,2,5,2,5,1,2,2,2,4,5,5,2,2,1,4,5,4,4,4,3,5,2,2,2,3,1
"very calm, very unselfconscious, very at ease, very emotionally stable and very happy",3,4,3,5,3,3,5,3,5,5,3,3,5,1,3,5,3,4,1,3,3,1,3,5,3,3,5,2,5,3,3,5,4,3,3,3,3,5,3,3,3,3,5,5,3,3,3,1,5,3,3,5,5,1,3,3,5,2,1,3
"adventurous and daring, active, cheerful, friendly and  extraverted",5,3,2,4,2,4,5,1,5,5,1,1,2,1,4,1,2,2,1,4,4,2,1,4,2,1,5,2,4,2,1,5,2,1,4,2,1,5,1,2,5,1,3,3,2,5,1,1,5,2,1,4,4,1,2,5,5,2,3,5
"a bit socially progressive, a bit creative, a bit emotionally aware, a bit spontaneous and a bit aesthetic",3,4,2,4,2,4,5,2,4,5,3,2,2,3,4,3,2,2,3,5,2,2,2,4,2,2,4,2,4,3,3,4,2,2,5,2,2,4,3,4,4,2,3,3,2,3,2,2,3,2,2,4,4,3,3,4,4,2,3,4
"very extraverted, very energetic, very talkative, very assertive and very cheerful",5,3,1,2,2,4,5,1,5,5,1,1,1,1,4,1,1,2,1,3,4,2,1,4,2,1,3,2,3,2,1,4,3,1,3,2,1,5,1,3,5,1,4,3,3,5,1,1,2,2,1,4,5,1,2,5,4,1,1,5
"altruistic, agreeable, unselfish, generous and  honest",4,5,2,4,3,2,5,1,5,5,3,2,4,3,4,3,1,3,3,5,2,1,5,4,3,3,5,2,5,3,3,5,4,3,4,3,1,4,3,3,4,2,5,4,3,3,1,5,4,2,3,5,5,3,3,4,5,1,2,4
"a bit adventurous and daring, a bit friendly, a bit talkative, a bit extraverted and a bit active",4,3,2,3,2,4,5,2,4,4,3,2,3,3,4,2,3,4,3,4,4,3,3,4,2,2,4,2,3,2,2,4,2,2,4,3,2,4,2,3,4,2,4,3,2,4,3,2,4,2,1,4,4,2,3,4,4,2,2,4
"extremely reflective, extremely sophisticated, extremely analytical, extremely spontaneous and extremely emotionally aware",2,5,2,4,3,4,5,1,4,5,2,2,3,2,4,3,1,4,2,5,3,1,2,4,2,2,4,2,4,2,2,4,4,2,5,3,1,4,3,5,3,2,4,4,2,3,1,2,4,2,2,5,4,3,3,4,4,2,2,4
"extremely unfriendly, extremely timid, extremely unadventurous, extremely introverted and extremely unassertive",1,4,4,3,2,1,5,4,1,2,5,2,4,3,2,5,2,5,5,1,1,1,4,2,5,5,5,2,4,3,4,3,5,5,3,5,1,2,4,4,2,5,3,5,4,5,1,1,1,5,5,3,2,3,5,2,2,1,4,2
"very unsympathetic, very distrustful, very immoral, very self-important and very unaltruistic",2,1,2,4,3,5,2,4,1,3,5,5,3,3,4,3,5,3,4,3,5,5,3,4,5,4,2,4,5,2,4,1,4,1,3,4,4,5,1,3,3,5,2,4,2,3,5,4,5,5,5,2,5,1,4,2,1,4,2,5
"neither silent nor talkative, neither inactive nor active, neither timid nor bold, neither unassertive nor assertive, and neither introverted nor extraverted",3,3,3,3,3,3,5,3,3,3,3,3,3,3,3,3,3,3,3,3,3,3,3,3,3,3,3,3,3,3,3,3,3,3,3,3,3,3,3,4,3,3,3,3,3,3,3,3,3,3,3,3,3,3,3,3,3,3,3,3
"a bit conscientious, a bit hardworking, a bit thorough, a bit practical and a bit orderly",2,4,2,3,4,3,5,1,4,4,3,3,4,3,3,3,3,4,3,3,2,2,2,4,4,2,4,2,4,3,3,4,4,3,3,2,2,4,3,4,3,3,5,4,3,2,2,2,4,2,2,4,4,3,4,3,3,2,2,3
"neither patient nor irritable, neither easygoing nor anxious, neither happy nor depressed, neither emotionally stable nor emotionally unstable, and neither at ease nor nervous",3,3,3,3,3,3,3,3,3,3,3,3,3,3,3,3,3,3,3,3,3,3,3,3,3,3,3,3,3,3,3,3,3,3,3,3,3,3,3,3,3,3,3,3,3,3,3,3,3,3,3,3,3,3,3,3,3,3,3,3
"very messy, very careless, very extravagant, very undisciplined and very unsure",3,4,4,3,3,3,4,3,4,5,3,3,2,4,4,3,3,1,3,5,3,2,4,3,2,3,4,3,3,3,3,4,2,4,4,3,3,2,3,4,4,3,2,2,3,4,2,4,4,3,2,4,3,3,3,4,4,3,4,4
"a bit easygoing, a bit contented, a bit calm, a bit at ease and a bit happy",3,4,3,4,3,3,5,3,4,3,3,3,4,3,3,4,3,2,3,3,2,3,3,4,3,3,4,2,5,3,3,4,3,3,3,3,3,3,3,3,2,3,3,4,3,3,3,2,4,3,3,4,3,3,3,3,4,3,3,3
"very kind, very humble, very honest, very sympathetic and very unselfish",3,5,2,4,3,3,5,2,5,5,3,2,4,3,4,3,1,4,3,4,3,5,3,4,3,3,5,2,4,3,3,5,4,3,3,2,1,5,3,3,3,2,5,4,3,3,1,5,3,2,3,5,5,3,3,4,5,1,2,3
"extraverted, friendly, energetic, adventurous and daring and  active",5,3,1,2,1,4,5,1,5,5,1,1,2,1,4,1,1,1,1,4,4,1,1,4,2,1,3,2,3,2,1,4,2,1,4,1,1,5,1,2,5,1,3,2,2,5,1,1,5,2,1,4,4,1,3,5,4,2,1,4
"very irritable, very impulsive, very anxious, very nervous and very tense",1,3,3,1,3,3,5,3,1,3,3,3,1,4,3,2,1,1,5,3,1,3,4,1,3,3,2,3,1,3,3,3,1,5,3,3,3,3,3,3,3,3,3,1,3,3,3,2,1,3,2,3,4,3,3,1,1,3,4,3
"a bit friendly, a bit energetic, a bit talkative, a bit extraverted and a bit cheerful",4,4,2,4,2,4,5,2,5,5,2,2,3,3,4,3,1,2,2,5,3,3,3,4,3,2,5,2,3,3,3,4,4,3,5,2,1,5,3,3,4,2,4,3,3,4,1,2,2,2,2,5,5,3,3,4,4,2,3,4
"extremely impractical, extremely disorganized, extremely careless, extremely messy and extremely unsure",3,4,5,2,1,3,4,4,3,4,3,3,1,4,2,3,3,1,3,5,3,3,4,3,3,3,3,4,3,3,3,4,1,5,4,3,3,1,3,3,3,3,1,3,2,3,3,4,3,3,3,4,2,3,5,3,4,3,3,4
"neither selfish nor unselfish, neither stingy nor generous, neither dishonest nor honest, neither unaltruistic nor altruistic, and neither unkind nor kind",3,3,3,3,3,3,5,3,3,5,3,3,3,3,3,3,3,3,3,3,3,3,3,3,3,3,3,3,3,3,3,3,3,3,3,3,3,4,3,5,3,3,3,3,3,3,3,3,3,3,3,3,5,3,3,3,3,3,3,3
"extremely messy, extremely unsure, extremely lazy, extremely disorganized and extremely impractical",2,3,5,2,3,3,5,4,5,4,3,2,2,4,4,3,2,1,3,5,1,1,5,2,5,4,4,4,3,3,3,4,1,4,3,3,3,2,3,3,2,3,2,3,3,3,3,5,2,3,4,4,2,3,3,3,4,4,4,4
"a bit unaesthetic, a bit artistically unappreciative, a bit uncreative, a bit predictable and a bit unimaginative",3,3,4,4,4,3,5,4,4,4,3,2,4,3,2,3,2,4,4,2,3,3,4,4,4,3,4,2,5,4,3,4,4,3,2,4,3,5,3,3,3,3,4,4,4,4,3,4,4,4,4,4,4,3,4,3,3,2,3,2
"messy, undisciplined, disorganized, negligent and  careless",4,4,4,4,3,4,5,3,5,5,3,3,2,3,4,3,3,1,3,5,3,3,4,4,3,3,5,4,3,3,3,4,1,2,5,3,1,2,3,4,4,3,2,3,3,3,2,2,3,3,4,5,2,3,3,4,4,3,4,4
"a bit socially conservative, a bit uncreative, a bit emotionally closed, a bit predictable and a bit unaesthetic",2,2,2,4,4,3,5,3,3,3,4,2,4,2,2,4,2,4,4,2,2,1,4,4,4,4,4,2,4,4,4,4,4,4,2,4,2,4,2,2,2,3,4,4,4,2,2,2,4,4,4,4,4,3,4,2,3,2,2,2
"spontaneous, reflective, artistically appreciative, socially progressive and  intelligent",3,4,2,4,4,4,5,2,4,5,2,2,2,2,4,2,1,2,2,5,2,2,2,4,4,2,4,2,4,4,2,4,2,2,5,3,2,3,2,5,3,2,3,3,2,2,2,2,4,2,2,4,3,3,3,4,4,2,2,4
"extremely selfish, extremely stingy, extremely distrustful, extremely unaltruistic and extremely immoral",1,1,4,3,3,4,1,4,2,3,5,5,2,4,4,3,5,3,4,1,4,5,3,1,5,4,1,4,3,3,3,1,3,1,3,5,4,4,3,3,3,5,1,3,3,3,5,1,1,2,2,2,4,3,5,1,1,2,4,3
"a bit unadventurous, a bit unfriendly, a bit silent, a bit introverted and a bit inactive",2,3,2,3,3,2,4,4,2,2,4,2,4,2,2,4,2,4,3,2,2,2,4,3,4,4,3,2,3,2,4,3,4,2,3,4,2,3,3,3,2,3,3,4,3,2,2,2,3,4,4,3,3,3,4,2,2,2,2,2
"very uncreative, very socially conservative, very uninquisitive, very unintelligent and very unimaginative",1,3,5,5,5,2,5,4,1,2,5,4,4,3,5,5,5,5,4,1,2,1,5,5,5,5,4,4,5,5,5,3,5,5,2,5,1,5,4,1,2,5,5,5,5,1,3,1,5,5,5,5,5,3,5,2,3,5,1,5
"extremely depressed, extremely anxious, extremely impulsive, extremely tense and extremely self-conscious",1,4,4,1,3,1,5,2,1,3,4,3,1,5,3,3,1,2,5,3,1,1,4,1,3,4,1,4,1,3,4,3,1,5,3,3,2,1,5,5,1,4,1,1,3,1,2,3,1,2,1,3,1,5,3,1,1,4,5,3
"a bit gloomy, a bit unenergetic, a bit unfriendly, a bit unadventurous and a bit inactive",1,4,4,2,3,2,4,4,1,3,4,2,4,3,2,4,2,4,3,3,2,2,4,3,4,4,3,2,3,2,4,4,4,4,3,3,2,4,3,4,1,3,4,3,3,2,2,2,2,2,2,3,4,4,3,2,3,2,2,2
"unaltruistic, disagreeable, selfish, stingy and  dishonest",2,1,4,3,4,4,2,4,2,3,5,4,2,4,4,3,5,3,4,3,4,5,4,4,5,4,2,4,3,3,4,1,2,4,1,4,4,5,3,4,3,4,2,4,2,4,3,2,5,4,5,2,4,3,4,2,1,3,4,3
"extremely emotionally stable, extremely at ease, extremely happy, extremely level-headed and extremely relaxed",3,3,2,5,3,3,5,3,5,3,3,3,5,3,3,3,3,5,1,3,3,1,3,5,3,3,5,3,5,3,3,5,5,1,3,3,3,5,1,3,3,3,5,5,3,3,3,1,5,3,1,5,5,3,3,3,5,1,3,3
"a bit orderly, a bit self-disciplined, a bit conscientious, a bit thorough and a bit practical",2,3,1,2,4,3,5,1,4,3,3,2,4,2,2,3,3,4,3,3,2,2,2,4,4,3,4,2,4,3,3,4,4,3,3,3,2,5,3,3,3,2,5,4,4,2,3,2,4,2,1,4,4,3,4,3,3,1,2,2
"a bit organized, a bit hardworking, a bit practical, a bit self-efficacious and a bit conscientious",3,3,2,3,4,3,5,2,4,4,3,3,4,2,4,3,3,4,3,3,3,3,2,4,4,2,3,2,4,3,3,4,4,3,3,3,3,4,3,3,3,3,4,4,3,3,3,2,4,2,2,4,4,3,4,3,3,2,2,3
"trustful, kind, moral, generous and  humble",3,5,2,4,3,2,5,2,4,5,3,2,4,2,4,3,1,4,3,4,2,2,3,4,2,2,5,2,4,3,2,5,4,3,5,3,1,4,3,4,3,1,5,4,3,3,2,5,4,4,2,5,5,3,3,4,5,1,2,4
"introverted, unfriendly, unenergetic, unadventurous and  inactive",1,3,2,3,2,1,5,4,1,2,5,3,4,3,2,5,3,4,3,1,1,1,4,1,5,5,3,2,3,2,5,2,4,2,3,4,2,3,3,3,1,2,4,4,3,1,2,2,4,4,1,2,3,3,2,1,1,2,2,2
"extremely dishonest, extremely distrustful, extremely uncooperative, extremely disagreeable and extremely unkind",1,1,2,1,3,4,1,2,1,5,5,5,1,5,5,3,5,4,5,5,3,5,4,1,5,5,1,2,1,3,3,1,1,5,3,5,5,4,3,3,3,5,1,3,2,3,5,1,1,4,2,1,1,3,4,1,1,4,5,4
"extremely talkative, extremely active, extremely friendly, extremely cheerful and extremely assertive",5,3,1,2,2,5,5,1,5,5,1,1,3,1,4,1,1,1,1,4,5,4,1,4,2,1,3,2,3,2,1,5,4,1,4,2,1,5,1,3,5,1,5,2,3,5,1,1,2,1,1,4,5,1,2,5,5,2,1,4
"a bit generous, a bit honest, a bit altruistic, a bit cooperative and a bit kind",4,4,2,4,3,3,5,3,5,4,3,2,4,3,4,3,1,3,3,4,2,4,3,4,2,3,4,3,4,3,3,4,4,3,4,3,2,4,3,4,3,2,4,4,3,3,2,2,4,2,3,5,4,3,3,4,4,2,2,4
"very sophisticated, very spontaneous, very curious, very imaginative and very artistically appreciative",3,4,2,4,1,4,5,2,5,5,2,2,2,2,4,3,3,2,3,5,3,3,2,4,2,2,4,2,4,1,3,4,2,2,5,3,1,4,3,4,4,2,4,3,4,3,2,2,4,1,2,5,4,3,2,4,5,2,2,5
"very intelligent, very reflective, very analytical, very emotionally aware and very creative",2,4,2,4,2,4,5,1,4,5,3,2,4,3,5,4,2,4,2,5,3,2,2,4,4,2,4,2,3,1,3,4,4,2,5,3,2,5,2,5,3,2,4,4,4,3,2,2,4,5,2,5,5,1,4,4,4,2,2,5
"extremely self-conscious, extremely anxious, extremely nervous, extremely irritable and extremely depressed",1,4,4,1,3,1,4,3,1,3,4,3,1,5,3,4,2,4,5,3,1,4,4,1,4,3,3,2,1,3,4,3,4,5,3,3,2,3,5,3,1,4,2,2,3,1,2,2,1,3,3,3,3,5,3,1,1,3,5,3
"a bit dishonest, a bit unaltruistic, a bit selfish, a bit distrustful and a bit unkind",3,2,3,3,3,4,3,3,4,4,3,3,3,3,4,3,3,3,3,3,4,2,4,3,4,3,3,3,3,3,3,2,3,3,3,4,3,4,3,4,3,4,2,4,2,4,3,2,4,4,2,3,4,3,4,3,2,3,3,4
"a bit happy, a bit easygoing, a bit contented, a bit patient and a bit emotionally stable",3,4,3,4,3,3,5,2,4,4,3,3,4,3,3,3,3,3,3,4,3,3,3,4,3,3,4,3,5,3,3,4,4,3,4,3,2,3,3,3,2,3,4,4,3,2,3,2,4,2,3,4,4,3,3,3,4,3,3,3
"neither unimaginative nor imaginative, neither unreflective nor reflective, neither predictable nor spontaneous, neither unintelligent nor intelligent, and neither uncreative nor creative",3,3,3,3,3,4,5,3,3,5,3,3,4,3,3,3,3,4,3,3,3,3,3,3,3,3,3,3,5,3,3,4,5,3,5,3,3,5,3,4,3,3,4,3,3,3,3,3,3,3,3,4,4,3,2,3,3,3,3,3
"altruistic, trustful, humble, agreeable and  sympathetic",3,5,2,4,3,2,5,2,5,5,2,2,4,3,3,3,5,2,2,5,2,1,2,4,2,2,5,2,4,2,2,5,4,2,4,3,1,4,3,4,3,2,5,4,2,2,5,2,4,2,2,5,4,3,3,4,5,2,2,3
"self-efficacious, conscientious, orderly, self-disciplined and  hardworking",3,3,2,3,2,4,5,1,5,4,3,1,5,1,4,3,3,5,3,3,3,1,1,4,3,1,3,2,4,3,3,5,5,2,3,3,1,5,3,3,4,1,5,4,3,2,2,1,4,1,1,5,5,1,3,4,3,1,2,3
"a bit self-disciplined, a bit thrifty, a bit thorough, a bit practical and a bit organized",3,3,2,3,4,3,5,1,4,3,3,2,4,3,3,3,2,4,3,3,3,3,4,4,3,3,3,2,4,3,3,4,4,2,3,3,3,4,3,3,3,2,4,4,3,2,3,2,3,2,1,4,4,3,4,3,3,2,2,3
"extremely unfriendly, extremely unenergetic, extremely unassertive, extremely timid and extremely inactive",1,3,4,1,2,1,4,5,1,1,5,2,1,3,1,5,1,1,3,1,1,1,5,1,5,5,1,2,3,3,4,1,1,5,3,5,1,1,3,1,1,2,2,5,3,1,1,1,1,5,5,3,1,3,4,1,1,2,2,1
"very unintelligent, very unreflective, very unanalytical, very emotionally closed and very uncreative",3,3,4,3,5,2,5,4,3,2,5,2,4,3,1,4,1,2,3,3,3,3,4,2,5,4,3,4,3,5,3,3,4,5,1,4,1,4,5,1,3,3,4,5,5,3,5,4,3,5,5,5,3,3,5,3,5,4,4,5
"very honest, very unselfish, very trustful, very altruistic and very cooperative",3,5,2,4,3,3,5,1,5,4,3,2,4,3,4,3,1,4,3,4,2,1,3,4,2,3,5,2,4,3,3,5,4,3,4,3,1,5,3,3,3,1,5,4,3,3,1,2,4,2,2,5,5,3,3,4,5,1,2,3
"a bit cheerful, a bit energetic, a bit friendly, a bit adventurous and daring and a bit active",4,4,2,3,2,4,5,1,4,5,2,2,3,3,4,2,3,2,2,5,3,2,2,4,2,2,4,2,3,3,2,4,3,2,4,2,1,5,1,3,4,2,4,3,3,4,1,2,4,2,1,4,5,1,2,4,4,2,2,4
"very thrifty, very orderly, very self-efficacious, very thorough and very practical",2,3,1,4,4,4,5,1,4,4,2,2,4,3,2,3,3,5,3,2,3,3,4,4,4,2,4,2,4,2,3,4,5,3,3,3,1,5,2,3,3,3,5,4,3,2,3,5,4,2,1,5,5,3,4,3,3,2,2,2
"very thorough, very conscientious, very orderly, very self-efficacious and very organized",3,3,1,4,3,3,5,1,5,4,3,2,4,1,3,3,3,5,3,3,3,1,1,5,3,2,3,1,4,3,3,4,5,2,3,3,1,5,2,3,3,2,5,4,3,3,2,1,4,3,1,5,5,1,3,4,4,2,2,3
"very altruistic, very sympathetic, very moral, very agreeable and very humble",3,5,2,4,3,2,5,1,4,4,3,2,4,3,4,3,1,3,3,4,1,2,3,4,2,2,5,2,4,2,3,5,4,3,4,2,1,3,3,3,3,1,5,4,3,3,1,2,4,2,2,5,5,3,3,3,5,1,3,3
"extremely unkind, extremely distrustful, extremely uncooperative, extremely stingy and extremely self-important",1,1,2,1,5,5,1,2,1,1,5,5,1,4,1,1,5,4,5,1,5,5,5,1,5,5,1,2,1,3,5,1,1,1,1,5,5,1,1,1,1,5,1,5,3,5,5,1,1,5,1,1,3,1,5,1,1,2,3,1
"extremely practical, extremely self-efficacious, extremely hardworking, extremely conscientious and extremely orderly",1,3,1,2,4,4,5,1,4,4,3,2,5,1,2,3,3,5,3,2,3,1,1,4,5,1,3,1,5,3,2,3,5,1,1,1,1,5,3,3,4,1,5,5,3,3,1,1,4,2,1,4,5,1,5,3,3,1,1,2
"a bit aesthetic, a bit emotionally aware, a bit intelligent, a bit socially progressive and a bit curious",3,4,2,4,3,4,5,2,4,5,2,2,3,2,4,3,1,4,3,5,2,2,2,4,3,2,5,2,3,2,3,4,4,2,4,2,2,4,2,4,3,2,3,3,2,3,2,2,3,2,2,4,4,2,3,4,4,2,2,4
"unassertive, unadventurous, silent, introverted and  unfriendly",2,3,3,3,2,2,4,3,2,2,5,2,3,3,2,5,3,4,4,3,1,1,4,3,5,4,3,2,3,2,4,3,4,3,3,4,1,3,3,3,2,2,4,4,3,3,2,2,4,4,5,3,3,3,3,2,3,2,2,2
"very responsible, very organized, very thorough, very hardworking and very self-disciplined",3,4,1,4,3,3,5,1,4,4,3,2,5,1,4,3,3,5,3,3,3,3,1,4,3,2,3,1,5,3,4,4,5,3,3,3,1,5,3,3,4,3,5,4,3,2,3,1,4,2,1,5,5,3,3,4,3,1,2,3
"very angry, very irritable, very anxious, very depressed and very emotionally unstable",1,1,4,1,3,3,5,2,1,3,3,3,1,5,3,3,1,3,5,3,1,4,4,1,3,3,1,3,1,3,3,3,3,5,3,3,3,3,4,3,1,4,3,1,3,3,3,3,1,3,1,1,4,5,3,1,1,3,5,3
"calm, unselfconscious, patient, happy and  easygoing",3,5,3,5,3,3,5,3,5,5,3,3,4,5,3,4,3,3,3,5,3,3,3,5,3,3,5,3,5,3,3,5,4,3,3,3,3,5,3,3,3,3,5,5,3,3,3,2,5,3,3,5,4,3,3,3,5,3,3,3
"extremely self-disciplined, extremely hardworking, extremely thrifty, extremely organized and extremely practical",3,3,1,4,4,3,5,1,5,3,3,3,5,1,4,3,3,5,3,3,3,1,1,4,4,2,3,2,4,3,3,4,5,3,3,3,3,5,3,3,4,3,5,4,3,3,3,1,3,2,1,5,5,1,5,3,3,1,1,3
"a bit imaginative, a bit emotionally aware, a bit aesthetic, a bit spontaneous and a bit reflective",2,4,3,4,3,3,5,2,4,4,3,2,2,3,4,3,2,2,3,5,2,2,2,4,2,2,4,2,3,4,3,4,2,2,5,3,2,3,3,4,3,2,3,3,4,3,2,2,3,2,2,4,3,3,3,4,4,2,3,4
"organized, hardworking, self-disciplined, responsible and  practical",2,3,1,3,4,4,5,1,4,4,3,2,5,1,3,3,3,5,3,3,3,1,1,4,4,2,4,2,4,3,2,4,5,3,3,3,1,5,2,3,4,3,5,4,3,2,3,1,4,2,1,5,5,1,4,3,3,1,2,3
"neither relaxed nor tense, neither unselfconscious nor self-conscious, neither emotionally stable nor emotionally unstable, neither calm nor angry, and neither level-headed nor impulsive",3,3,3,3,3,3,3,3,3,3,3,3,3,3,3,3,3,3,3,3,3,3,3,3,3,3,3,3,3,3,3,3,3,3,3,3,3,3,3,3,3,3,3,3,3,3,3,3,3,3,3,3,3,3,3,3,3,3,3,3
"predictable, unreflective, artistically unappreciative, socially conservative and  unintelligent",1,5,4,3,5,4,5,2,5,4,2,2,5,2,2,3,1,5,3,1,2,1,4,4,5,2,5,2,4,3,3,5,5,2,2,1,1,5,3,4,3,2,5,4,1,5,1,2,3,4,1,5,5,3,5,4,5,2,2,4
"very inactive, very unadventurous, very silent, very unassertive and very unenergetic",1,4,2,3,2,1,5,4,3,3,5,2,4,3,2,5,3,4,3,3,1,1,4,4,5,5,3,2,3,2,4,3,4,2,3,4,2,2,3,3,1,2,4,4,3,2,3,2,3,2,5,4,2,3,3,1,4,2,3,2
"unsure, negligent, messy, undisciplined and  lazy",3,4,4,4,3,4,4,4,3,4,3,2,2,3,3,3,2,4,3,3,2,1,4,3,5,4,4,4,3,3,3,4,2,2,3,3,1,2,3,3,2,3,2,3,2,4,3,4,4,4,4,3,1,3,4,1,2,4,3,4
"very introverted, very unenergetic, very silent, very unassertive and very gloomy",1,4,2,3,2,1,5,3,1,4,5,2,3,4,3,5,3,4,3,3,1,1,4,3,4,4,3,2,3,3,4,4,3,3,3,4,2,4,4,4,1,3,4,4,3,1,3,2,3,2,4,4,2,5,2,1,3,2,2,3
"extremely inactive, extremely unassertive, extremely silent, extremely unenergetic and extremely unfriendly",1,3,3,1,3,1,5,4,3,3,5,3,3,3,1,5,3,3,3,3,1,1,5,3,5,5,3,3,3,3,4,3,3,3,3,5,2,2,3,3,1,3,2,3,3,1,3,1,3,3,5,3,1,3,3,1,3,3,3,3
"extremely moral, extremely generous, extremely unselfish, extremely cooperative and extremely kind",3,5,2,3,3,3,5,1,5,3,3,1,4,3,3,3,1,3,3,3,3,1,3,4,3,3,5,2,3,3,3,5,4,3,3,3,1,4,3,3,3,1,5,4,3,3,1,1,3,2,3,5,5,3,3,3,5,1,3,3
"adventurous and daring, energetic, active, cheerful and  assertive",4,3,2,2,2,5,5,1,5,5,1,2,2,1,4,1,2,2,2,5,4,2,1,4,2,2,4,2,4,1,1,5,2,2,5,2,2,5,1,3,5,2,4,3,2,4,1,2,5,2,1,3,5,1,2,5,4,2,2,5
"a bit tense, a bit irritable, a bit anxious, a bit discontented and a bit nervous",2,4,2,2,2,3,5,2,3,3,3,3,3,4,4,3,2,4,4,4,2,2,4,1,3,3,3,2,1,3,3,4,4,4,3,3,2,4,3,4,2,3,4,3,3,3,2,2,2,2,3,4,4,3,3,2,3,2,3,3
"very altruistic, very trustful, very humble, very unselfish and very generous",3,5,2,3,3,3,5,3,5,4,3,2,4,3,3,3,1,3,3,5,2,2,3,3,3,3,5,2,3,3,3,5,4,3,4,3,2,4,3,3,3,2,5,4,3,3,2,2,3,1,3,5,4,3,3,3,5,2,3,3
"extremely humble, extremely trustful, extremely kind, extremely generous and extremely altruistic",3,5,2,4,3,3,5,3,5,4,3,2,4,3,4,3,1,3,3,5,3,3,3,4,3,3,5,2,3,3,3,5,4,3,4,3,2,4,3,4,3,1,5,4,3,3,2,2,4,2,2,5,5,3,3,4,5,1,3,4
"a bit happy, a bit unselfconscious, a bit easygoing, a bit emotionally stable and a bit at ease",3,4,3,4,3,3,5,3,4,4,3,3,4,3,3,3,3,3,3,4,2,3,3,4,3,3,4,3,4,3,3,4,3,3,4,3,3,4,1,3,3,3,4,4,3,3,3,1,4,2,3,4,4,3,3,3,4,3,3,3
"very generous, very sympathetic, very altruistic, very moral and very agreeable",4,5,2,4,3,3,5,2,5,4,3,2,4,3,4,3,1,3,3,5,2,2,3,4,2,2,5,2,5,2,3,5,4,2,4,3,1,3,3,4,3,1,5,4,3,3,1,2,4,2,2,5,5,3,3,4,5,1,2,3
"very orderly, very thorough, very thrifty, very self-disciplined and very self-efficacious",2,3,1,2,4,4,5,1,5,3,3,2,4,2,3,3,3,5,3,3,3,1,5,4,3,2,4,1,4,2,3,4,5,2,3,3,1,5,3,3,4,3,5,4,3,2,3,1,4,2,1,5,5,1,3,3,3,2,2,3
"very extravagant, very messy, very unsure, very careless and very impractical",4,5,5,3,2,4,5,4,5,5,2,2,1,3,4,3,3,1,2,5,2,2,4,3,2,3,4,4,3,2,3,4,2,4,4,3,1,2,3,4,4,3,2,2,2,4,3,4,4,3,2,3,4,3,2,4,4,3,4,4
"extremely tense, extremely impulsive, extremely emotionally unstable, extremely anxious and extremely self-conscious",1,4,4,1,3,3,4,2,1,3,4,3,1,5,4,3,1,1,5,5,1,4,5,1,3,3,1,3,1,3,4,4,1,5,3,3,2,1,4,3,4,4,1,1,3,4,2,2,1,3,5,4,4,4,3,1,1,4,5,3
"a bit unkind, a bit immoral, a bit uncooperative, a bit selfish and a bit unaltruistic",2,2,4,3,3,4,2,4,3,4,3,4,2,4,4,3,4,2,3,3,4,3,4,4,4,3,3,4,3,3,4,2,3,3,3,4,3,4,3,4,3,4,2,3,3,3,3,4,4,4,2,2,4,3,4,2,2,3,4,4
"very unkind, very self-important, very dishonest, very unsympathetic and very selfish",1,1,3,1,3,5,1,2,1,3,5,5,1,5,4,3,5,4,4,5,4,5,3,5,5,4,1,4,5,2,3,1,1,1,3,5,5,5,3,3,3,4,1,3,3,5,5,5,5,5,5,1,3,3,5,3,1,3,4,3
"uninquisitive, artistically unappreciative, unsophisticated, predictable and  unaesthetic",3,5,4,3,5,4,5,4,5,1,5,2,4,3,2,4,3,4,3,1,2,1,3,5,5,3,4,3,3,5,3,4,5,3,2,3,2,5,3,1,3,3,5,4,5,4,2,4,5,5,4,5,5,3,5,3,4,2,3,2
"a bit humble, a bit cooperative, a bit trustful, a bit generous and a bit agreeable",3,4,2,4,3,2,5,2,4,4,3,2,4,2,3,3,2,3,3,4,2,2,2,4,2,2,4,2,4,2,3,4,4,3,4,3,2,4,3,4,3,2,4,4,2,2,1,2,4,2,2,4,4,3,3,4,4,2,3,3
"extremely unreflective, extremely unsophisticated, extremely unanalytical, extremely predictable and extremely emotionally closed",2,3,4,4,3,4,5,4,1,2,5,4,5,5,1,5,5,4,5,1,3,4,4,3,5,4,4,5,5,5,3,4,5,1,3,5,1,4,3,1,4,3,4,5,5,4,2,1,5,5,5,4,4,3,5,3,3,3,5,1
"a bit unaesthetic, a bit emotionally closed, a bit unintelligent, a bit socially conservative and a bit uninquisitive",2,2,4,4,4,2,4,4,3,2,3,4,4,3,2,4,2,3,4,2,2,2,4,3,5,4,4,3,4,4,4,3,3,2,2,4,2,4,3,2,2,3,4,4,4,2,2,2,4,5,4,4,4,3,4,2,3,2,2,2
"a bit unenergetic, a bit gloomy, a bit inactive, a bit timid and a bit introverted",2,4,3,2,3,2,4,4,2,3,4,2,3,3,2,5,3,3,3,3,2,2,4,2,4,4,4,2,4,3,4,4,3,4,3,4,2,2,4,3,1,3,3,4,3,3,3,2,2,2,2,3,2,4,2,1,3,2,2,2
"self-conscious, nervous, angry, depressed and  tense",1,3,3,1,3,2,5,3,1,3,3,2,3,4,1,4,2,3,4,1,1,2,4,1,3,3,2,2,1,3,4,4,4,5,3,4,2,1,4,4,2,4,3,1,3,2,3,2,1,2,3,4,3,4,3,1,2,2,4,3
"a bit unimaginative, a bit emotionally closed, a bit unaesthetic, a bit predictable and a bit unreflective",2,2,2,4,3,3,5,3,4,3,3,2,4,2,2,3,2,4,3,2,2,2,4,4,4,3,4,3,4,3,4,4,4,3,2,3,1,4,2,2,3,3,4,4,3,2,2,2,4,4,3,4,4,3,3,2,3,2,2,2
"organized, thrifty, conscientious, hardworking and  self-disciplined",2,3,2,3,4,3,5,1,4,4,3,3,5,5,4,3,3,5,3,4,3,3,3,4,3,2,4,2,4,2,3,4,5,3,3,3,1,5,3,4,3,3,5,4,3,3,3,1,4,2,1,5,5,3,4,4,3,1,2,3
"extremely dishonest, extremely unkind, extremely distrustful, extremely unsympathetic and extremely self-important",1,1,4,1,3,5,1,5,1,3,5,5,1,4,5,2,5,4,5,5,5,5,4,1,5,4,1,4,5,5,3,1,2,5,3,5,5,1,3,4,3,5,1,3,1,3,5,5,5,5,1,1,3,3,5,1,1,4,4,1
"extremely undisciplined, extremely lazy, extremely extravagant, extremely disorganized and extremely impractical",4,5,5,3,2,3,3,5,5,5,5,4,1,4,4,3,3,1,3,5,2,2,5,3,5,5,4,4,3,3,3,4,1,5,5,3,2,1,3,3,2,3,1,2,2,4,3,5,5,3,5,3,1,3,4,4,4,4,4,5
"extremely honest, extremely kind, extremely trustful, extremely sympathetic and extremely humble",3,5,2,4,3,3,5,3,5,5,3,2,4,3,4,3,5,4,3,5,3,1,3,4,2,3,5,2,5,3,4,5,4,2,4,3,1,4,3,4,3,1,5,4,3,3,1,1,4,2,2,5,5,3,3,4,5,1,3,3
"very energetic, very cheerful, very extraverted, very bold and very friendly",5,4,1,2,2,4,5,1,5,5,1,3,2,1,4,1,1,2,1,5,4,2,1,4,2,2,5,2,3,2,1,5,4,3,5,2,5,5,1,3,5,3,5,3,3,5,1,1,5,2,1,5,5,1,2,5,5,2,2,5
"very adventurous and daring, very cheerful, very energetic, very extraverted and very bold",5,3,2,2,2,5,5,1,5,5,1,1,1,1,4,1,1,1,1,5,4,2,1,4,2,1,5,3,4,2,1,4,2,1,4,2,1,5,1,3,5,1,3,3,1,5,1,1,5,2,1,5,4,1,2,5,4,2,1,5
"a bit messy, a bit undisciplined, a bit negligent, a bit careless and a bit impractical",3,4,4,4,3,3,4,3,4,5,3,2,2,3,4,3,3,2,3,5,2,2,4,3,3,2,5,4,4,3,3,4,2,2,4,3,2,2,3,4,4,3,2,3,3,4,2,3,4,3,2,4,3,3,3,4,4,3,3,5
"very socially conservative, very emotionally closed, very unaesthetic, very unreflective and very unimaginative",1,2,4,4,5,4,5,4,1,2,5,4,5,3,2,5,2,4,5,2,4,1,4,5,5,4,4,2,5,5,5,4,5,4,2,5,4,5,4,2,3,4,4,5,5,2,3,5,5,5,5,5,5,4,5,2,2,1,1,4
"extremely contented, extremely calm, extremely level-headed, extremely patient and extremely unselfconscious",3,4,2,5,3,3,5,3,5,3,4,3,5,1,3,4,3,4,1,3,3,1,3,5,3,3,5,2,5,3,3,5,4,3,3,3,1,5,1,3,3,1,5,5,3,3,3,1,5,2,3,5,5,1,3,3,5,2,3,3
"a bit kind, a bit moral, a bit cooperative, a bit unselfish and a bit altruistic",3,4,2,4,3,3,5,2,4,4,3,2,4,3,4,3,4,3,3,4,3,2,3,4,3,3,4,2,4,2,3,4,4,3,4,3,2,4,3,4,3,2,4,4,3,3,2,1,3,2,3,4,4,3,3,3,4,2,2,3
"a bit unsure, a bit undisciplined, a bit negligent, a bit lazy and a bit disorganized",2,4,4,3,3,2,4,4,3,4,4,2,2,3,4,3,2,2,3,4,2,2,4,3,3,4,4,4,3,3,3,4,2,3,3,3,3,2,3,3,2,3,2,3,3,3,3,4,4,2,3,3,2,3,2,2,3,3,3,4
"very energetic, very active, very bold, very cheerful and very friendly",5,4,2,2,2,4,5,1,5,5,1,1,2,2,4,1,3,2,1,5,4,3,1,4,2,2,4,2,3,2,1,5,3,1,4,2,1,5,1,3,5,1,5,3,3,5,1,1,5,2,1,5,5,1,3,5,5,3,3,5
"unaltruistic, self-important, uncooperative, unkind and  distrustful",2,1,4,3,3,5,2,4,2,3,4,4,2,4,4,3,5,3,4,2,4,5,4,3,5,4,2,4,3,2,4,1,2,4,3,5,5,4,3,4,2,5,2,4,2,2,3,5,5,5,5,2,4,2,4,2,2,2,4,3
"extremely timid, extremely introverted, extremely gloomy, extremely unenergetic and extremely unassertive",1,4,3,1,3,1,5,4,1,3,5,2,3,4,2,5,3,4,4,4,1,1,4,1,5,5,3,2,4,3,4,4,4,5,3,5,1,2,5,4,1,3,3,3,3,1,2,4,4,4,5,3,2,5,2,1,3,2,2,2
"extremely imaginative, extremely analytical, extremely socially progressive, extremely emotionally aware and extremely spontaneous",4,5,2,4,2,4,5,2,5,5,2,2,1,3,5,2,1,2,3,5,3,2,2,4,2,3,5,2,4,5,2,5,2,2,5,3,2,4,3,5,5,1,3,3,1,4,3,2,4,2,1,4,4,3,4,5,4,3,3,5
"a bit negligent, a bit messy, a bit lazy, a bit extravagant and a bit disorganized",3,4,4,4,3,4,4,3,4,5,2,2,2,3,4,3,3,2,3,5,2,2,4,3,2,4,4,3,3,3,3,4,2,2,4,3,2,2,3,4,2,3,2,3,2,4,2,3,3,2,2,3,3,3,3,4,4,3,4,4
"nervous, impulsive, angry, depressed and  emotionally unstable",1,4,4,1,3,4,3,3,1,3,3,3,1,5,3,3,3,1,5,3,2,4,4,1,3,3,3,4,1,3,3,3,2,5,4,3,3,3,4,3,3,3,1,1,3,3,3,2,1,3,2,3,3,4,3,3,2,4,4,3
"extremely unimaginative, extremely unanalytical, extremely socially conservative, extremely emotionally closed and extremely predictable",1,2,4,5,5,4,5,4,1,2,5,4,5,5,1,5,5,5,5,1,2,1,4,5,5,5,5,2,5,5,5,5,5,5,1,5,1,5,3,1,2,5,5,5,5,2,5,1,5,5,5,5,5,3,5,2,5,1,5,1
"extremely kind, extremely trustful, extremely cooperative, extremely generous and extremely humble",4,5,2,4,3,3,5,3,5,5,3,2,4,3,4,3,1,3,3,5,2,1,3,5,4,2,5,2,5,3,3,5,4,3,4,3,1,5,3,4,3,1,5,4,3,3,1,2,4,2,2,5,5,3,3,4,5,1,3,4
"cooperative, kind, unselfish, agreeable and  altruistic",4,5,2,4,3,2,5,2,5,5,3,2,4,3,4,3,1,4,3,5,3,1,3,4,3,3,5,2,5,3,3,5,5,3,4,3,1,5,3,3,3,2,5,4,3,3,1,1,3,3,3,5,5,3,3,4,5,1,3,3
"extremely silent, extremely inactive, extremely unfriendly, extremely gloomy and extremely unassertive",1,3,3,1,3,1,4,3,1,1,5,3,3,3,4,5,2,3,4,1,1,1,4,1,5,5,3,2,3,2,5,4,4,3,3,5,2,1,4,3,1,4,3,4,3,1,2,1,3,2,5,3,1,5,2,1,4,2,3,3
"a bit depressed, a bit nervous, a bit tense, a bit discontented and a bit irritable",2,4,3,2,3,4,5,2,2,4,4,3,4,4,4,3,2,4,4,4,2,2,4,1,3,3,4,2,4,3,4,4,4,4,4,4,2,4,4,4,1,3,4,3,3,3,2,2,2,2,2,3,4,4,3,2,3,2,4,4
"orderly, self-efficacious, self-disciplined, thrifty and  thorough",2,3,1,3,4,4,5,1,5,4,3,2,5,1,2,3,2,5,3,3,3,1,5,4,4,2,4,2,4,3,3,4,5,3,3,3,1,5,2,3,4,3,5,4,3,2,3,1,4,2,1,5,5,1,3,3,4,2,1,3
"very unassertive, very timid, very inactive, very gloomy and very unfriendly",1,5,4,3,3,1,5,4,1,4,5,2,3,4,4,4,2,4,3,3,1,1,4,3,5,4,3,2,3,3,4,4,4,4,3,4,1,2,4,4,2,4,4,4,3,1,2,2,2,3,1,4,1,4,2,1,4,2,2,3
"extremely thrifty, extremely organized, extremely orderly, extremely practical and extremely hardworking",2,3,1,4,4,4,5,1,5,4,3,2,5,3,4,3,3,5,3,3,3,3,1,4,4,2,3,2,5,3,3,4,5,2,2,3,2,5,3,3,4,2,5,4,3,3,2,5,4,2,1,5,5,1,4,3,3,1,2,3
"active, assertive, bold, adventurous and daring and  energetic",4,2,1,1,2,4,5,1,5,5,1,1,1,1,4,1,2,1,3,4,4,2,1,4,2,1,2,1,3,2,1,4,2,1,3,2,1,5,1,3,5,1,4,2,1,4,1,1,5,1,1,3,5,1,3,5,3,2,1,5
"very unaltruistic, very unsympathetic, very immoral, very disagreeable and very self-important",2,1,2,4,3,5,2,4,1,5,5,5,2,4,5,3,5,3,5,3,5,5,4,5,5,5,2,4,4,3,3,1,3,1,3,4,5,5,2,3,3,5,1,5,4,3,5,4,5,4,1,2,4,3,5,2,1,4,4,5
"extremely active, extremely assertive, extremely talkative, extremely energetic and extremely friendly",5,1,1,1,2,5,5,1,5,5,1,1,1,1,4,1,1,1,1,4,4,2,1,3,2,1,3,2,3,1,1,5,1,1,3,2,1,5,1,3,5,1,5,1,1,5,1,1,5,1,1,5,5,1,3,5,5,1,1,5
"a bit conscientious, a bit orderly, a bit hardworking, a bit thrifty and a bit organized",2,4,2,3,3,3,5,1,4,4,3,2,4,3,3,3,2,4,3,4,3,2,2,4,3,3,3,2,4,3,3,4,4,2,3,3,2,5,3,3,4,3,5,4,3,2,2,1,3,4,2,4,4,3,4,4,3,2,2,3
"very active, very adventurous and daring, very talkative, very assertive and very energetic",5,2,1,2,2,5,5,1,5,5,1,2,1,1,4,1,2,1,3,4,4,4,1,4,2,1,4,2,3,2,1,4,3,1,4,2,2,5,1,3,5,1,4,3,2,5,1,1,5,2,1,3,4,1,2,5,3,2,2,5
